Symbol,Company Name,"Industry<path fill-rule=""evenodd"" d=""M14.707 12.707a1 1 0 01-1.414 0L10 9.414l-3.293 3.293a1 1 0 01-1.414-1.414l4-4a1 1 0 011.414 0l4 4a1 1 0 010 1.414z"" clip-rule=""evenodd"">",Market Cap
ADV,Advantage Solutions,Advertising Agencies,2.81B
BAOS,Baosheng Media Group,Advertising Agencies,45.94M
CPOP,Pop Culture Group,Advertising Agencies,75.13M
DMS,Digital Media Solutions,Advertising Agencies,410.93M
IAS,Integral Ad Science Holding,Advertising Agencies,3.55B
STGW,Stagwell,Advertising Agencies,2.56B
TRKA,Troika Media Group,Advertising Agencies,90.20M
TRMR,Tremor International,Advertising Agencies,1.49B
WIMI,WiMi Hologram Cloud,Advertising Agencies,473.28M
AIR,AAR Corp.,Aerospace & Defense,1.29B
AIRI,Air Industries Group,Aerospace & Defense,34.00M
AJRD,Aerojet Rocketdyne,Aerospace & Defense,3.59B
ARNC,Arconic,Aerospace & Defense,3.34B
ASTC,Astrotech,Aerospace & Defense,52.91M
ASTR,Astra Space,Aerospace & Defense,2.58B
ATRO,Astronics Corporation,Aerospace & Defense,419.40M
AVAV,AeroVironment,Aerospace & Defense,2.27B
AXON,Axon Enterprise,Aerospace & Defense,11.87B
BA,Boeing,Aerospace & Defense,126.11B
BWXT,BWX Technologies,Aerospace & Defense,5.48B
BYRN,Byrna Technologies,Aerospace & Defense,385.85M
CAE,CAE Inc.,Aerospace & Defense,9.74B
CVU,CPI Aerostructures,Aerospace & Defense,39.70M
CW,Curtiss-Wright,Aerospace & Defense,5.25B
DCO,Ducommun,Aerospace & Defense,596.02M
DPRO,Draganfly,Aerospace & Defense,120.85M
EH,EHang Holdings,Aerospace & Defense,1.40B
ERJ,Embraer,Aerospace & Defense,2.91B
ESLT,Elbit Systems,Aerospace & Defense,6.95B
GD,General Dynamics,Aerospace & Defense,56.37B
HEI,HEICO Corporation,Aerospace & Defense,17.56B
HEI.A,HEICO Corporation,Aerospace & Defense,17.58B
HII,Huntington Ingalls Industries,Aerospace & Defense,8.11B
HWM,Howmet Aerospace,Aerospace & Defense,13.08B
HXL,Hexcel Corporation,Aerospace & Defense,4.95B
ISSC,Innovative Solutions & Support,Aerospace & Defense,117.45M
KTOS,Kratos Defense & Security Solutions,Aerospace & Defense,2.80B
LHX,L3Harris Technologies,Aerospace & Defense,44.48B
LILM,Lilium,Aerospace & Defense,2.73B
LMT,Lockheed Martin,Aerospace & Defense,91.27B
MAXR,Maxar Technologies,Aerospace & Defense,1.96B
MICT,"MICT, Inc.",Aerospace & Defense,170.08M
MNTS,Momentus,Aerospace & Defense,839.73M
MOG.A,Moog Inc.,Aerospace & Defense,2.45B
MOG.B,Moog Inc.,Aerospace & Defense,2.46B
MRCY,Mercury Systems,Aerospace & Defense,2.99B
NOC,Northrop Grumman,Aerospace & Defense,56.26B
NPK,National Presto Industries,Aerospace & Defense,594.14M
PKE,Park Aerospace,Aerospace & Defense,273.12M
PSN,Parsons,Aerospace & Defense,3.63B
RADA,RADA Electronic Industries,Aerospace & Defense,520.63M
RDW,Redwire,Aerospace & Defense,758.89M
RKLB,Rocket Lab USA,Aerospace & Defense,6.40B
RTX,Raytheon Technologies,Aerospace & Defense,132.54B
SGLB,Sigma Labs,Aerospace & Defense,31.50M
SIF,SIFCO Industries,Aerospace & Defense,48.32M
SPCE,Virgin Galactic,Aerospace & Defense,5.03B
SPR,Spirit AeroSystems,Aerospace & Defense,4.56B
TATT,TAT Technologies,Aerospace & Defense,58.27M
TDG,TransDigm Group,Aerospace & Defense,34.75B
TDY,Teledyne Technologies,Aerospace & Defense,21.03B
TGI,Triumph Group,Aerospace & Defense,1.39B
TXT,Textron,Aerospace & Defense,16.44B
VEC,Vectrus,Aerospace & Defense,581.55M
VTSI,VirTra,Aerospace & Defense,88.49M
BHIL,Benson Hill,Agricultural Inputs,1.08B
SVFD,Save Foods,Agricultural Inputs,18.98M
AAWW,Atlas Air Worldwide Holdings,Air Freight & Logistics,2.42B
AIRT,Air T,Air Freight & Logistics,76.48M
ATSG,Air Transport Services Group,Air Freight & Logistics,1.86B
BEST,BEST Inc.,Air Freight & Logistics,509.07M
CHRW,C.H. Robinson,Air Freight & Logistics,12.64B
ECHO,Echo Global Logistics,Air Freight & Logistics,1.28B
EXPD,Expeditors International,Air Freight & Logistics,21.38B
FDX,FedEx,Air Freight & Logistics,62.60B
FWRD,Forward Air,Air Freight & Logistics,2.85B
HUBG,Hub Group,Air Freight & Logistics,2.81B
RLGT,Radiant Logistics,Air Freight & Logistics,353.42M
UPS,United Parcel Service,Air Freight & Logistics,183.70B
XPO,XPO Logistics,Air Freight & Logistics,9.96B
ZTO,ZTO Express (Cayman) Inc.,Air Freight & Logistics,25.22B
AAL,American Airlines,Airlines,12.80B
ALGT,Allegiant Travel,Airlines,3.23B
ALK,Alaska Air Group,Airlines,6.86B
AZUL,Azul S.A.,Airlines,1.67B
CEA,China Eastern Airlines,Airlines,10.39B
CPA,Copa Holdings,Airlines,3.18B
DAL,Delta Air Lines,Airlines,25.87B
GOL,GOL Linhas Aereas Inteligentes,Airlines,1.16B
HA,Hawaiian Holdings,Airlines,1.03B
JBLU,JetBlue Airways,Airlines,4.65B
LUV,Southwest Airlines,Airlines,29.08B
MESA,Mesa Air Group,Airlines,280.31M
RYAAY,Ryanair Holdings,Airlines,26.25B
SAVE,Spirit Airlines,Airlines,2.48B
SKYW,Sky West,Airlines,2.20B
SNCY,Sun Country Airlines Holdings,Airlines,1.80B
UAL,United Airlines,Airlines,15.56B
ULCC,Frontier Group Holdings,Airlines,3.45B
VLRS,Controladora Vuela Compania de Aviacion,Airlines,2.16B
ZNH,China Southern Airlines,Airlines,15.47B
ASLE,AerSale,Airports & Air Services,1.02B
BLDE,Blade Air Mobility,Airports & Air Services,692.19M
JOBY,Joby Aviation,Airports & Air Services,5.73B
UP,Wheels Up,Airports & Air Services,1.81B
FIGS,FIGS,Apparel Manufacturing,5.56B
CURV,Torrid Holdings,Apparel Retail,1.77B
DBGI,Digital Brands Group,Apparel Retail,48.24M
ONON,On Holding,Apparel Retail,12.24B
VSCO,Victoria's Secret & Co.,Apparel Retail,4.40B
BUR,Burford Capital,Asset Management,2.34B
CCAP,Crescent Capital BDC,Asset Management,558.84M
CET,Central Securities,Asset Management,1.15B
CION,CĪON Investment,Asset Management,1.44B
CIXX,CI Financial,Asset Management,4.60B
FCRD,First Eagle Alternative Capital,Asset Management,142.72M
FHI,Federated Hermes,Asset Management,3.37B
GCMG,GCM Grosvenor,Asset Management,496.38M
JXN,Jackson Financial,Asset Management,2.58B
LGHL,Lion Group Holding,Asset Management,81.48M
LRFC,Logan Ridge Finance,Asset Management,68.45M
OCCI,OFS Credit Company,Asset Management,110.12M
OWL,Blue Owl Capital,Asset Management,6.28B
PAX,Patria Investments,Asset Management,2.48B
STEP,StepStone Group,Asset Management,2.50B
TRIN,Trinity Capital,Asset Management,435.50M
TYG,Tortoise Energy Infrastructure,Asset Management,364.99M
VINP,Vinci Partners Investments,Asset Management,708.33M
DRVN,Driven Brands,Auto & Truck Dealerships,5.44B
JZXN,Jiuzi Holdings,Auto & Truck Dealerships,49.07M
LOTZ,CarLotz,Auto & Truck Dealerships,450.13M
RUSHB,Rush Enterprises,Auto & Truck Dealerships,2.92B
ADNT,Adient,Auto Components,4.11B
ALV,Autoliv,Auto Components,8.56B
APTV,Aptiv,Auto Components,47.54B
AXL,American Axle & Manufacturing,Auto Components,1.07B
BWA,BorgWarner,Auto Components,11.17B
CAAS,China Automotive Systems,Auto Components,118.47M
CPS,Cooper-Standard Holdings,Auto Components,457.69M
CXDC,China XD Plastics,Auto Components,23.99M
DAN,Dana Incorporated,Auto Components,3.30B
DORM,Dorman Products,Auto Components,3.37B
FOXF,Fox Factory Holding,Auto Components,6.87B
FRSX,Foresight Autonomous,Auto Components,217.85M
GNTX,Gentex Corporation,Auto Components,8.59B
GT,Goodyear Tire & Rubber,Auto Components,5.78B
GTX,Garrett Motion,Auto Components,456.74M
HZN,Horizon Global,Auto Components,209.29M
KNDI,Kandi Technologies,Auto Components,349.19M
LCII,LCI Industries,Auto Components,3.59B
LEA,Lear Corporation,Auto Components,10.53B
MGA,Magna International,Auto Components,24.84B
MOD,Modine Manufacturing,Auto Components,582.22M
MPAA,Motorcar Parts of America,Auto Components,370.53M
QS,QuantumScape,Auto Components,12.58B
SMP,Standard Motor Products,Auto Components,1.08B
SRI,Stoneridge,Auto Components,532.16M
STRT,STRATTEC Security,Auto Components,140.42M
SUP,Superior Industries International,Auto Components,163.69M
SYPR,Sypris Solutions,Auto Components,83.59M
TEN,Tenneco,Auto Components,1.12B
THRM,Gentherm,Auto Components,2.57B
UFAB,Unique Fabricating,Auto Components,35.43M
VC,Visteon,Auto Components,3.21B
VNE,Veoneer,Auto Components,3.98B
WKHS,Workhorse Group,Auto Components,899.86M
XPEL,"XPEL, Inc.",Auto Components,2.19B
ARVL,Arrival,Auto Manufacturers,10.94B
AYRO,"AYRO, Inc.",Auto Manufacturers,115.72M
ELMS,Electric Last Mile,Auto Manufacturers,1.06B
FFIE,Faraday Future Intelligent Electric,Auto Manufacturers,2.86B
GOEV,Canoo,Auto Manufacturers,1.99B
GP,GreenPower Motor,Auto Manufacturers,318.46M
LCID,Lucid Group,Auto Manufacturers,59.10B
NKLA,Nikola,Auto Manufacturers,5.02B
PTRA,Proterra,Auto Manufacturers,2.43B
RIDE,Lordstown Motors,Auto Manufacturers,1.01B
VEV,Vicinity Motor,Auto Manufacturers,146.91M
VLCN,Volcon,Auto Manufacturers,144.56M
AEVA,Aeva Technologies,Auto Parts,1.76B
HLLY,Holley,Auto Parts,1.35B
HYLN,Hyliion,Auto Parts,1.44B
INVZ,Innoviz Technologies,Auto Parts,636.97M
LIDR,AEye,Auto Parts,830.69M
RMO,Romeo Power,Auto Parts,601.92M
WKSP,Worksport,Auto Parts,62.31M
XL,XL Fleet,Auto Parts,766.11M
F,Ford Motor,Automobiles,71.73B
FUV,Arcimoto,Automobiles,480.12M
GM,General Motors,Automobiles,80.56B
HMC,Honda Motor Company,Automobiles,52.45B
HOG,Harley-Davidson,Automobiles,6.12B
LI,Li Auto,Automobiles,34.53B
NIO,NIO Inc.,Automobiles,66.92B
NIU,Niu Technologies,Automobiles,2.06B
RACE,Ferrari,Automobiles,59.89B
SOLO,Electrameccanica Vehicles,Automobiles,442.54M
STLA,Stellantis,Automobiles,63.53B
THO,Thor Industries,Automobiles,5.88B
TM,Toyota Motor,Automobiles,249.45B
TSLA,Tesla,Automobiles,"1,213.74B"
TTM,Tata Motors,Automobiles,25.68B
WGO,Winnebago Industries,Automobiles,2.36B
XPEV,XPeng,Automobiles,41.06B
ABCB,Ameris Bancorp,Banks,3.76B
ABTX,Allegiance Bancshares,Banks,805.16M
ACBI,Atlantic Capital Bancshares,Banks,595.14M
ACNB,ACNB Corporation,Banks,244.46M
AFBI,Affinity Bancshares,Banks,98.07M
AMAL,Amalgamated Bank,Banks,590.84M
AMNB,American National Bankshares,Banks,405.92M
AMTB,Amerant Bancorp,Banks,1.01B
AMTBB,Amerant Bancorp,Banks,1.01B
AROW,Arrow Financial,Banks,582.31M
ASB,Associated Banc-Corp,Banks,3.44B
ASRV,AmeriServ Financial,Banks,67.45M
ATLO,Ames National,Banks,223.36M
AUB,Atlantic Union Bankshares,Banks,2.85B
AUBN,Auburn National Bancorporation,Banks,119.15M
AVAL,Grupo Aval Acciones y Valores,Banks,6.72B
BAC,Bank of America,Banks,394.34B
BANC,Banc of California,Banks,1.32B
BANF,BancFirst Corporation,Banks,2.19B
BANR,Banner Corporation,Banks,2.03B
BAP,Credicorp,Banks,10.71B
BBAR,Banco BBVA Argentina,Banks,780.12M
BBD,Banco Bradesco,Banks,35.17B
BBVA,Banco Bilbao Vizcaya Argentaria,Banks,48.58B
BCBP,BCB Bancorp,Banks,259.12M
BCH,Banco de Chile SA,Banks,9.08B
BCML,BayCom,Banks,206.66M
BCS,Barclays,Banks,47.01B
BFC,Bank First,Banks,553.95M
BFIN,BankFinancial Corporation,Banks,156.82M
BFST,Business First Bancshares,Banks,550.97M
BHB,Bar Harbor Bankshares,Banks,456.80M
BHLB,Berkshire Hills Bancorp,Banks,1.38B
BKSC,Bank of South Carolina,Banks,111.45M
BKU,BankUnited,Banks,3.79B
BMA,Banco Macro,Banks,1.01B
BMO,Bank of Montreal,Banks,71.20B
BMRC,Bank of Marin Bancorp,Banks,624.36M
BMTC,Bryn Mawr Bank,Banks,954.44M
BNS,Bank of Nova Scotia,Banks,80.55B
BOH,Bank of Hawaii,Banks,3.49B
BOKF,BOK Financial,Banks,7.25B
BOTJ,Bank of the James Financial,Banks,75.80M
BPOP,Popular,Banks,6.61B
BPRN,Bank of Princeton,Banks,200.44M
BRBS,Blue Ridge Bankshares,Banks,353.21M
BRKL,Brookline Bancorp,Banks,1.29B
BSAC,Banco Santander-Chile,Banks,8.58B
BSBR,Banco Santander Brasil,Banks,47.34B
BSMX,Banco Santander Mexico,Banks,8.56B
BSRR,Sierra Bancorp,Banks,397.79M
BSVN,Bank7 Corp.,Banks,242.35M
BUSE,First Busey,Banks,1.47B
BWFG,Bankwell Financial Group,Banks,237.72M
BY,Byline Bancorp,Banks,1.01B
C,Citigroup,Banks,138.13B
CAC,Camden National,Banks,722.27M
CADE,Cadence Bank,Banks,3.21B
CALB,California BanCorp,Banks,145.82M
CARE,Carter Bankshares,Banks,413.67M
CATC,Cambridge Bancorp,Banks,652.01M
CATY,Cathay General Bancorp,Banks,3.37B
CBAN,Colony Bankcorp,Banks,263.64M
CBFV,CB Financial Services,Banks,130.20M
CBNK,Capital Bancorp,Banks,357.06M
CBSH,Commerce Bancshares,Banks,8.44B
CBTX,"CBTX, Inc.",Banks,672.76M
CBU,Community Bank System,Banks,3.98B
CCB,Coastal Financial,Banks,467.70M
CCBG,Capital City Bank Group,Banks,460.60M
CCNE,CNB Financial,Banks,435.59M
CFB,CrossFirst Bankshares,Banks,746.17M
CFFI,C&F Financial,Banks,183.90M
CFG,Citizens Financial Group,Banks,20.44B
CFR,Cullen/Frost Bankers,Banks,8.62B
CHCO,City Holding Company,Banks,1.24B
CHMG,Chemung Financial,Banks,217.15M
CIB,Bancolombia,Banks,8.74B
CIT,CIT Group,Banks,5.12B
CIVB,Civista Bancshares,Banks,379.83M
CIZN,Citizens Holding Company,Banks,100.77M
CLDB,Cortland Bancorp,Banks,124.07M
CM,Canadian Imperial Bank of Commerce,Banks,55.07B
CMA,Comerica,Banks,11.43B
CNBKA,Century Bancorp,Banks,512.68M
CNOB,ConnectOne Bancorp,Banks,1.37B
COFS,ChoiceOne Financial Services,Banks,193.96M
COLB,Columbia Banking System,Banks,2.75B
CPF,Central Pacific Financial,Banks,788.12M
CSTR,CapStar Financial Holdings,Banks,489.64M
CTBI,Community Trust Bancorp,Banks,798.75M
CUBI,Customers Bancorp,Banks,1.77B
CULL,Cullman Bancorp,Banks,94.05M
CVBF,CVB Financial,Banks,2.81B
CVCY,Central Valley Community Bancorp,Banks,259.54M
CVLY,Codorus Valley Bancorp,Banks,215.52M
CWBC,Community West Bancshares,Banks,112.26M
CYN,Cyngn,Banks,194.56M
CZNC,Citizens & Northern,Banks,411.08M
CZWI,Citizens Community Bancorp,Banks,144.53M
EBC,Eastern Bankshares,Banks,3.93B
EBMT,Eagle Bancorp Montana,Banks,152.88M
EBTC,Enterprise Bancorp,Banks,446.90M
EFSC,Enterprise Financial Services,Banks,1.87B
EGBN,Eagle Bancorp - Maryland,Banks,1.88B
EMCF,Emclaire Financial,Banks,73.80M
EQBK,Equity Bancshares,Banks,482.83M
ESQ,Esquire Financial Holdings,Banks,264.22M
ESXB,Community Bankers Trust,Banks,272.50M
EVBN,Evans Bancorp,Banks,218.04M
EWBC,East West Bancorp,Banks,11.69B
FBIZ,First Business Financial Services,Banks,256.19M
FBK,FB Financial,Banks,2.22B
FBMS,First Bancshares,Banks,862.24M
FBNC,First Bancorp,Banks,1.78B
FBP,First BanCorp - Puerto Rico,Banks,2.87B
FCAP,First Capital,Banks,135.43M
FCBC,First Community Bancshares,Banks,566.59M
FCCO,First Community,Banks,154.06M
FCCY,1st Constitution Bancorp,Banks,255.19M
FCF,First Commonwealth Financial,Banks,1.49B
FCNCA,First Citizens BancShares,Banks,8.24B
FDBC,Fidelity D&D Bancorp,Banks,290.03M
FFBC,First Financial Bancorp,Banks,2.31B
FFIC,Flushing Financial,Banks,750.64M
FFIN,First Financial Bankshares,Banks,7.38B
FFNW,First Financial Northwest,Banks,157.71M
FFWM,First Foundation,Banks,1.24B
FGBI,First Guaranty Bancshares,Banks,208.85M
FHB,First Hawaiian,Banks,3.68B
FHN,First Horizon National,Banks,9.39B
FIBK,First Interstate BancSystem,Banks,2.66B
FISI,Financial Institutions,Banks,522.62M
FITB,Fifth Third Bancorp,Banks,30.67B
FLIC,First of Long Island,Banks,486.68M
FMAO,Farmers & Merchants Bancorp,Banks,336.98M
FMBH,First Mid Bancshares,Banks,805.24M
FMBI,First Midwest Bancorp,Banks,2.27B
FMNB,Farmers National Banc,Banks,536.70M
FNB,F.N.B.,Banks,3.89B
FNCB,FNCB Bancorp,Banks,173.06M
FNLC,First Bancorp,Banks,328.69M
FNWB,First Northwest Bancorp,Banks,182.39M
FRAF,Franklin Financial Services,Banks,146.18M
FRBA,First Bank,Banks,290.47M
FRBK,Republic First Bancorp,Banks,181.37M
FRC,First Republic Bank,Banks,38.32B
FRME,First Merchants,Banks,2.30B
FRST,Primis Financial,Banks,381.34M
FSFG,First Savings Financial Group,Banks,196.67M
FULT,Fulton Financial,Banks,2.69B
FUNC,First United,Banks,126.93M
FUSB,First US Bancshares,Banks,66.72M
FVCB,FVCBankcorp,Banks,288.29M
FXNC,First National,Banks,138.67M
GABC,German American Bancorp,Banks,1.07B
GBCI,Glacier Bancorp,Banks,6.30B
GGAL,Grupo Financiero Galicia,Banks,3.34B
GLBZ,Glen Burnie Bancorp,Banks,33.59M
GNTY,Guaranty Bancshares,Banks,463.57M
GSBC,Great Southern Bancorp,Banks,769.92M
GWB,Great Western Bancorp,Banks,1.93B
HAFC,Hanmi Financial,Banks,700.77M
HBAN,Huntington Bancshares,Banks,23.55B
HBMD,Howard Bancorp,Banks,405.56M
HBNC,Horizon Bancorp,Banks,843.87M
HBT,HBT Financial,Banks,523.53M
HDB,HDFC Bank,Banks,134.52B
HFWA,Heritage Financial,Banks,891.83M
HOMB,Home Bancshares,Banks,4.09B
HONE,HarborOne Bancorp,Banks,791.03M
HOPE,Hope Bancorp,Banks,1.81B
HSBC,HSBC Holdings,Banks,126.41B
HTBI,HomeTrust Bancshares,Banks,505.13M
HTBK,Heritage Commerce,Banks,740.54M
HTH,Hilltop Holdings,Banks,2.98B
HTLF,Heartland Financial USA,Banks,2.17B
HWBK,Hawthorn Bancshares,Banks,160.46M
HWC,Hancock Whitney,Banks,4.44B
IBCP,Independent Bank,Banks,493.58M
IBN,ICICI Bank,Banks,74.83B
IBOC,International Bancshares,Banks,2.77B
IBTX,Independent Bank Group,Banks,3.19B
ICBK,County Bancorp,Banks,219.01M
INBK,First Internet Bancorp,Banks,343.42M
INDB,Independent Bank,Banks,2.89B
ING,ING Group,Banks,60.60B
ISBC,Investors Bancorp,Banks,3.86B
ISTR,Investar Holding,Banks,193.21M
ITCB,Itau Corpbanca,Banks,1.16B
ITUB,Itau Unibanco Holding,Banks,41.37B
JPM,JPMorgan Chase,Banks,501.81B
KB,KB Financial Group,Banks,19.15B
KEY,KeyCorp,Banks,21.97B
LARK,Landmark Bancorp,Banks,137.77M
LBAI,Lakeland Bancorp,Banks,941.28M
LCNB,LCNB Corporation,Banks,216.10M
LEVL,Level One Bancorp,Banks,247.81M
LKFN,Lakeland Financial,Banks,1.82B
LMST,Limestone Bancorp,Banks,138.90M
LOB,Live Oak Bancshares,Banks,3.96B
LYG,Lloyds Banking Group,Banks,49.92B
MBCN,Middlefield Banc,Banks,157.10M
MBWM,Mercantile Bank,Banks,558.45M
MCB,Metropolitan Bank Holding,Banks,991.51M
MCBC,Macatawa Bank,Banks,293.03M
MCBS,MetroCity Bankshares,Banks,596.40M
MFG,Mizuho Financial Group,Banks,34.23B
MLVF,Malvern Bancorp,Banks,127.75M
MNSB,MainStreet Bancshares,Banks,187.87M
MOFG,MidWestOne Financial Group,Banks,509.75M
MPB,Mid Penn Bancorp,Banks,334.66M
MRBK,Meridian,Banks,185.37M
MSBI,Midland States Bancorp,Banks,575.78M
MTB,M&T Bank,Banks,19.65B
MUFG,Mitsubishi UFJ Financial,Banks,72.38B
MVBF,MVB Financial,Banks,518.86M
MYFW,First Western Financial,Banks,236.34M
NBHC,National Bank Holdings,Banks,1.35B
NBN,Northeast Bank,Banks,269.15M
NBTB,NBT Bancorp,Banks,1.64B
NCBS,Nicolet Bankshares,Banks,883.40M
NKSH,National Bankshares,Banks,223.51M
NRIM,Northrim BanCorp,Banks,278.69M
NTB,Bank of N.T. Butterfield & Son,Banks,1.86B
NWFL,Norwood Financial,Banks,218.79M
NWG,NatWest Group,Banks,35.47B
OBNK,Origin Bancorp,Banks,1.07B
OFG,OFG Bancorp,Banks,1.32B
ONB,Old National Bancorp,Banks,2.93B
OPHC,OptimumBank Holdings,Banks,22.69M
OPOF,Old Point Financial,Banks,113.13M
ORRF,Orrstown Financial Services,Banks,268.47M
OSBC,Old Second Bancorp,Banks,394.73M
OVBC,Ohio Valley Banc,Banks,133.38M
OVLY,Oak Valley Bancorp,Banks,141.38M
OZK,Bank OZK,Banks,6.03B
PACW,PacWest Bancorp,Banks,5.89B
PB,Prosperity Bancshares,Banks,7.22B
PBCT,People's United,Banks,7.58B
PBHC,Pathfinder Bancorp,Banks,97.93M
PCB,PCB Bancorp,Banks,328.81M
PEBK,Peoples Bancorp of North Carolina,Banks,160.22M
PEBO,Peoples Bancorp,Banks,926.03M
PFBC,Preferred Bank,Banks,1.06B
PFHD,Professional Holding,Banks,252.33M
PFIS,Peoples Financial Services,Banks,337.82M
PGC,Peapack-Gladstone Financial,Banks,645.49M
PKBK,Parke Bancorp,Banks,264.03M
PLBC,Plumas Bancorp,Banks,217.85M
PNBK,Patriot National Bancorp,Banks,38.56M
PNC,PNC Financial Services,Banks,89.10B
PNFP,Pinnacle Financial Partners,Banks,7.60B
PPBI,Pacific Premier Bancorp,Banks,4.11B
PRK,Park National,Banks,2.17B
PTRS,Partners Bancorp,Banks,157.05M
PWOD,Penns Woods Bancorp,Banks,168.80M
QCRH,QCR Holdings,Banks,891.77M
RBB,RBB Bancorp,Banks,513.67M
RBCAA,Republic Bancorp,Banks,1.11B
RBNC,Reliant Bancorp,Banks,581.57M
RF,Regions Financial,Banks,23.05B
RIVE,Riverview Financial,Banks,129.29M
RMBI,Richmond Mutual Bancorporation,Banks,197.99M
RNST,Renasant,Banks,2.19B
RRBI,Red River Bancshares,Banks,389.95M
RY,Royal Bank of Canada,Banks,149.34B
SAL,Salisbury Bancorp,Banks,148.86M
SAN,Banco Santander,Banks,68.24B
SASR,Sandy Spring Bancorp,Banks,2.27B
SBCF,Seacoast Banking Corporation of Florida,Banks,2.20B
SBFG,SB Financial Group,Banks,132.94M
SBNY,Signature Bank,Banks,18.86B
SBSI,Southside Bancshares,Banks,1.37B
SFBC,Sound Financial Bancorp,Banks,112.08M
SFBS,ServisFirst Bancshares,Banks,4.38B
SFNC,Simmons First National,Banks,3.59B
SFST,Southern First Bancshares,Banks,431.73M
SHBI,Shore Bancshares,Banks,222.25M
SHG,Shinhan Financial Group,Banks,17.09B
SI,Silvergate Capital,Banks,5.05B
SIVB,SVB Financial Group,Banks,42.72B
SMBK,SmartFinancial,Banks,442.38M
SMFG,Sumitomo Mitsui Financial Group,Banks,46.20B
SMMF,Summit Financial Group,Banks,343.29M
SNV,Synovus Financial,Banks,7.03B
SPFI,South Plains Financial,Banks,474.83M
SRCE,1st Source,Banks,1.23B
SSB,South State Corporation,Banks,5.79B
SSBI,Summit State Bank,Banks,115.89M
STBA,S&T Bancorp,Banks,1.25B
STL,Sterling Bancorp,Banks,5.13B
STXB,Spirit of Texas Bancshares,Banks,428.03M
SUPV,Grupo Supervielle,Banks,426.61M
SYBT,Stock Yards Bancorp,Banks,1.65B
TBBK,"The Bancorp, Inc.",Banks,1.77B
TBK,Triumph Bancorp,Banks,3.01B
TCBI,Texas Capital Bancshares,Banks,3.20B
TCBK,TriCo Bancshares,Banks,1.35B
TCFC,Community Financial Corporation,Banks,223.12M
TD,Toronto-Dominion Bank,Banks,133.54B
TFC,Truist Financial,Banks,86.01B
THFF,First Financial Corporation,Banks,562.37M
TMP,Tompkins Financial,Banks,1.25B
TOWN,TowneBank,Banks,2.37B
TRMK,Trustmark,Banks,2.06B
TSC,TriState Capital Holdings,Banks,1.00B
UBCP,United Bancorp,Banks,87.71M
UBFO,United Security Bancshares,Banks,133.87M
UBOH,United Bancshares,Banks,95.51M
UBSI,United Bankshares,Banks,4.97B
UCBI,United Community Banks,Banks,3.21B
UMBF,UMB Financial,Banks,4.91B
UMPQ,Umpqua Holdings,Banks,4.56B
UNB,Union Bankshares,Banks,144.51M
UNTY,Unity Bancorp,Banks,272.55M
USB,U.S. Bancorp,Banks,90.12B
UVSP,Univest Financial,Banks,879.73M
VABK,Virginia National Bankshares,Banks,188.38M
VBFC,Village Bank & Trust Financial,Banks,79.91M
VBTX,Veritex Holdings,Banks,2.12B
VLY,Valley National Bancorp,Banks,5.75B
WABC,Westamerica Bancorporation,Banks,1.52B
WAL,Western Alliance Bancorporation,Banks,12.50B
WASH,Washington Trust Bancorp,Banks,965.09M
WBK,Westpac Banking,Banks,65.24B
WBS,Webster Financial,Banks,5.27B
WF,Woori Financial Group,Banks,8.25B
WFC,Wells Fargo,Banks,206.68B
WSBC,WesBanco,Banks,2.25B
WTBA,West Bancorporation,Banks,528.59M
WTFC,Wintrust Financial,Banks,5.23B
ZION,Zions Bancorporation,Banks,10.05B
BLFY,Blue Foundry Bancorp,Banks-Regional,399.89M
CLST,Catalyst Bancorp,Banks-Regional,72.68M
CNNB,Cincinnati Bancorp,Banks-Regional,43.93M
FSBC,Five Star Bancorp,Banks-Regional,471.12M
GBNY,Generations Bancorp NY,Banks-Regional,28.27M
IFS,Intercorp Financial Services,Banks-Regional,3.28B
OBT,Orange County Bancorp,Banks-Regional,209.43M
PBBK,PB Bankshares,Banks-Regional,38.52M
SSBK,Southern States Bancshares,Banks-Regional,177.37M
TCBC,TC Bancshares,Banks-Regional,67.60M
TCBS,Texas Community Bancshares,Banks-Regional,50.43M
USCB,U.S. Century Bank,Banks-Regional,244.35M
VBNK,VersaBank,Banks-Regional,251.58M
ABEV,Ambev,Beverages,48.90B
BEAM,Beam Therapeutics,Beverages,6.27B
BF.A,Brown-Forman,Beverages,33.25B
BF.B,Brown-Forman,Beverages,33.29B
BUD,Anheuser-Busch InBev,Beverages,108.36B
CCEP,Coca-Cola European Partners,Beverages,24.85B
CCU,Cia Cervecerias Unidas,Beverages,3.22B
CELH,Celsius Holdings,Beverages,7.55B
COKE,Coca-Cola Consolidated,Beverages,3.88B
DEO,Diageo,Beverages,117.69B
EAST,Eastside Distilling,Beverages,39.44M
FIZZ,National Beverage,Beverages,5.32B
FMX,Fomento Economico Mexicano,Beverages,29.34B
KDP,Keurig Dr Pepper,Beverages,51.61B
KO,Coca-Cola,Beverages,242.62B
KOF,Coca-Cola Femsa,Beverages,11.77B
MGPI,MGP Ingredients,Beverages,1.45B
MNST,Monster Beverage,Beverages,45.20B
NBEV,NewAge,Beverages,210.65M
PEP,PepsiCo,Beverages,222.97B
PRMW,Primo Water,Beverages,2.60B
REED,Reed's,Beverages,62.99M
SAM,Boston Beer Company,Beverages,6.20B
STZ,Constellation Brands,Beverages,41.29B
TAP,Molson Coors,Beverages,9.83B
WTER,Alkaline Water,Beverages,181.54M
WVVI,Willamette Valley Vineyards,Beverages,81.90M
SBEV,Splash Beverage Group,Beverages-Brewers,54.56M
AKO.A,Embotelladora Andina,Beverages-Non-Alcoholic,1.88B
AKO.B,Embotelladora Andina,Beverages-Non-Alcoholic,1.89B
COCO,The Vita Coco Company,Beverages-Non-Alcoholic,738.65M
OTLY,Oatly Group,Beverages-Non-Alcoholic,7.81B
ZVIA,Zevia,Beverages-Non-Alcoholic,754.35M
NAPA,Duckhorn,Beverages-Wineries & Distilleries,2.27B
VWE,Vintage Wine Estates,Beverages-Wineries & Distilleries,619.73M
AADI,Aadi Bioscience,Biotechnology,571.82M
ABBV,AbbVie,Biotechnology,202.89B
ABCL,AbCellera Biologics,Biotechnology,4.75B
ABCM,Abcam PLC,Biotechnology,5.22B
ABEO,Abeona Therapeutics,Biotechnology,90.72M
ABIO,ARCA biopharma,Biotechnology,38.91M
ABOS,Acumen Pharmaceuticals,Biotechnology,561.29M
ABSI,Absci,Biotechnology,1.44B
ABUS,Arbutus Biopharma,Biotechnology,533.25M
ABVC,ABVC BioPharma,Biotechnology,160.89M
ACAD,ACADIA Pharmaceuticals,Biotechnology,3.30B
ACHL,Achilles Therapeutics,Biotechnology,272.45M
ACHV,Achieve Life Sciences,Biotechnology,79.02M
ACIU,AC Immune,Biotechnology,484.59M
ACOR,Acorda Therapeutics,Biotechnology,46.50M
ACXP,Acurx Pharmaceuticals,Biotechnology,55.35M
ADAG,Adagene,Biotechnology,505.05M
ADAP,Adaptimmune Therapeutics,Biotechnology,841.31M
ADGI,Adagio Therapeutics,Biotechnology,3.41B
ADMA,ADMA Biologics,Biotechnology,264.35M
ADMS,Adamas Pharmaceuticals,Biotechnology,372.83M
ADTX,Aditx Therapeutics,Biotechnology,47.90M
ADVM,Adverum Biotechnologies,Biotechnology,220.78M
ADXN,Addex Therapeutics,Biotechnology,44.75M
ADXS,Advaxis,Biotechnology,73.78M
AEZS,AEterna Zentaris,Biotechnology,73.93M
AFMD,Affimed N.V.,Biotechnology,833.33M
AGE,AgeX Therapeutics,Biotechnology,31.45M
AGEN,Agenus,Biotechnology,1.02B
AGIO,Agios Pharmaceuticals,Biotechnology,2.93B
AGLE,Aeglea Biotherapeutics,Biotechnology,372.89M
AGTC,Applied Genetic Technologies,Biotechnology,117.01M
AIKI,AIkido Pharma,Biotechnology,81.65M
AIM,AIM ImmunoTech,Biotechnology,86.61M
AKBA,Akebia Therapeutics,Biotechnology,546.30M
AKRO,Akero Therapeutics,Biotechnology,803.22M
AKUS,Akouos,Biotechnology,337.91M
ALBO,Albireo Pharma,Biotechnology,586.72M
ALDX,Aldeyra Therapeutics,Biotechnology,536.77M
ALEC,Alector,Biotechnology,1.81B
ALGS,Aligos Therapeutics,Biotechnology,682.59M
ALKS,Alkermes,Biotechnology,4.84B
ALLK,Allakos,Biotechnology,5.40B
ALLO,Allogene Therapeutics,Biotechnology,2.66B
ALNA,Allena Pharmaceuticals,Biotechnology,68.78M
ALNY,Alnylam Pharmaceuticals,Biotechnology,19.90B
ALPN,Alpine Immune Sciences,Biotechnology,380.24M
ALRN,Aileron Therapeutics,Biotechnology,83.54M
ALT,Altimmune,Biotechnology,440.74M
ALVR,AlloVir,Biotechnology,1.53B
ALXO,ALX Oncology Holdings,Biotechnology,2.36B
ALZN,Alzamend Neuro,Biotechnology,185.07M
AMAM,Ambrx Biopharma,Biotechnology,463.71M
AMGN,Amgen,Biotechnology,119.13B
AMRN,Amarin,Biotechnology,1.91B
AMTI,Applied Molecular Transport,Biotechnology,906.82M
ANAB,AnaptysBio,Biotechnology,878.42M
ANEB,Anebulo Pharmaceuticals,Biotechnology,165.63M
ANGN,Angion Biomedica,Biotechnology,142.14M
ANIK,Anika Therapeutics,Biotechnology,619.61M
ANIX,Anixa Biosciences,Biotechnology,152.44M
ANNX,Annexon Biosciences,Biotechnology,588.78M
ANPC,AnPac Bio-Medical Science,Biotechnology,37.26M
ANVS,Annovis Bio,Biotechnology,226.33M
APLS,Apellis Pharmaceuticals,Biotechnology,2.83B
APLT,Applied Therapeutics,Biotechnology,378.27M
APM,Aptorum Group,Biotechnology,87.29M
APRE,Aprea Therapeutics,Biotechnology,106.78M
APTO,Aptose Biosciences,Biotechnology,198.64M
APTX,Aptinyx,Biotechnology,155.75M
APVO,Aptevo Therapeutics,Biotechnology,85.60M
AQB,AquaBounty Technologies,Biotechnology,309.67M
ARAV,Aravive,Biotechnology,75.29M
ARCT,Arcturus Therapeutics,Biotechnology,1.24B
ARDS,Aridis Pharmaceuticals,Biotechnology,51.41M
ARDX,Ardelyx,Biotechnology,124.77M
ARGX,Argenx SE,Biotechnology,15.95B
ARMP,Armata Pharmaceuticals,Biotechnology,97.51M
ARNA,Arena Pharmaceuticals,Biotechnology,3.65B
ARQT,Arcutis Biotherapeutics,Biotechnology,1.15B
ARWR,Arrowhead Pharmaceuticals,Biotechnology,7.40B
ASLN,ASLAN Pharmaceuticals,Biotechnology,120.44M
ASMB,Assembly Biosciences,Biotechnology,143.01M
ASND,Ascendis Pharma A/S,Biotechnology,9.10B
ATAI,ATAI Life Sciences,Biotechnology,2.40B
ATHA,Athira Pharma,Biotechnology,539.67M
ATHE,Alterity Therapeutics,Biotechnology,53.00M
ATHX,Athersys,Biotechnology,278.29M
ATNF,180 Life Sciences,Biotechnology,171.85M
ATNM,Actinium Pharmaceuticals,Biotechnology,183.24M
ATNX,Athenex,Biotechnology,285.29M
ATRA,Atara Biotherapeutics,Biotechnology,1.40B
ATXS,Astria Therapeutics,Biotechnology,96.31M
AUPH,Aurinia Pharmaceuticals,Biotechnology,4.19B
AURA,Aura Biosciences,Biotechnology,434.67M
AUTL,Autolus Therapeutics,Biotechnology,418.27M
AVDX,AvidXchange,Biotechnology,4.44B
AVEO,AVEO Pharmaceuticals,Biotechnology,238.90M
AVRO,Avrobio,Biotechnology,247.34M
AVTE,Aerovate Therapeutics,Biotechnology,382.27M
AVTX,Avalo Therapeutics,Biotechnology,268.44M
AVXL,Anavex Life Sciences,Biotechnology,1.53B
AXLA,Axcella Health,Biotechnology,124.84M
AYLA,Ayala Pharmaceuticals,Biotechnology,143.95M
BBI,Brickell Biotech,Biotechnology,34.80M
BBIO,BridgeBio Pharma,Biotechnology,7.76B
BCAB,BioAtla,Biotechnology,972.98M
BCDA,BioCardia,Biotechnology,47.75M
BCEL,Atreca,Biotechnology,232.07M
BCLI,Brainstorm Cell Therapeutics,Biotechnology,106.41M
BCRX,BioCryst Pharmaceuticals,Biotechnology,2.74B
BCTX,BriaCell Therapeutics,Biotechnology,124.79M
BCYC,Bicycle Therapeutics,Biotechnology,1.54B
BDTX,Black Diamond Therapeutics,Biotechnology,287.54M
BFRA,Biofrontera AG,Biotechnology,147.47M
BGNE,BeiGene,Biotechnology,33.95B
BHVN,Biohaven Pharmaceutical,Biotechnology,9.69B
BIIB,Biogen,Biotechnology,39.97B
BIOC,Biocept,Biotechnology,56.68M
BIVI,BioVie,Biotechnology,163.90M
BLCM,Bellicum Pharmaceuticals,Biotechnology,18.14M
BLRX,BioLineRx,Biotechnology,134.33M
BLU,BELLUS Health,Biotechnology,566.38M
BLUE,Bluebird Bio,Biotechnology,1.64B
BMEA,Biomea Fusion,Biotechnology,324.78M
BMRN,BioMarin Pharmaceutical,Biotechnology,15.06B
BNTC,Benitec Biopharma,Biotechnology,30.81M
BNTX,BioNTech SE,Biotechnology,66.53B
BOLT,Bolt Biotherapeutics,Biotechnology,501.85M
BPMC,Blueprint Medicines,Biotechnology,6.64B
BPTH,Bio-Path Holdings,Biotechnology,33.90M
BPTS,Biophytis,Biotechnology,76.94M
BTAI,BioXcel Therapeutics,Biotechnology,876.83M
BTX,Brooklyn ImmunoTherapeutics,Biotechnology,464.53M
BXRX,Baudax Bio,Biotechnology,45.48M
BYSI,BeyondSpring,Biotechnology,573.43M
CABA,Cabaletta Bio,Biotechnology,358.86M
CADL,Candel Therapeutics,Biotechnology,335.96M
CALA,Calithera Biosciences,Biotechnology,148.25M
CALT,Calliditas Therapeutics,Biotechnology,393.61M
CANF,Can-Fite BioPharma,Biotechnology,30.37M
CAPR,Capricor Therapeutics,Biotechnology,87.48M
CASI,CASI Pharmaceuticals,Biotechnology,156.57M
CBIO,Catalyst Biosciences,Biotechnology,103.51M
CCCC,C4 Therapeutics,Biotechnology,2.23B
CCXI,ChemoCentryx,Biotechnology,2.55B
CDAK,Codiak BioSciences,Biotechnology,338.32M
CDMO,Avid Bioservices,Biotechnology,1.99B
CDNA,CareDx,Biotechnology,2.68B
CDTX,Cidara Therapeutics,Biotechnology,107.18M
CELC,Celcuity,Biotechnology,288.11M
CELU,Celularity,Biotechnology,891.41M
CERE,Cerevel Therapeutics,Biotechnology,5.93B
CERT,Certara,Biotechnology,6.85B
CFRX,ContraFect,Biotechnology,151.82M
CGEM,Cullinan Management,Biotechnology,966.18M
CGTX,Cognition Therapeutics,Biotechnology,258.59M
CHRS,Coherus BioSciences,Biotechnology,1.30B
CKPT,Checkpoint Therapeutics,Biotechnology,312.76M
CLBS,Caladrius Biosciences,Biotechnology,69.64M
CLDX,Celldex Therapeutics,Biotechnology,2.05B
CLGN,CollPlant Biotechnologies,Biotechnology,221.05M
CLLS,Cellectis,Biotechnology,547.99M
CLNN,Clene,Biotechnology,338.21M
CLRB,Cellectar BioSciences,Biotechnology,55.61M
CLSN,Celsion,Biotechnology,80.47M
CLVS,Clovis Oncology,Biotechnology,539.95M
CLXT,Calyxt,Biotechnology,137.53M
CMMB,Chemomab Therapeutics,Biotechnology,119.45M
CMPI,Checkmate Pharmaceuticals,Biotechnology,88.45M
CMRX,Chimerix,Biotechnology,470.92M
CNCE,Concert Pharmaceuticals,Biotechnology,91.37M
CNTA,Centessa Pharmaceuticals,Biotechnology,1.26B
CNTB,Connect Biopharma Holdings,Biotechnology,904.79M
CNTG,Centogene,Biotechnology,207.17M
COGT,Cogent Biosciences,Biotechnology,348.28M
CPRX,Catalyst Pharmaceuticals,Biotechnology,636.55M
CRBP,Corbus Pharmaceuticals,Biotechnology,128.99M
CRBU,Caribou Biosciences,Biotechnology,1.33B
CRDF,Cardiff Oncology,Biotechnology,247.99M
CRIS,"Curis, Inc.",Biotechnology,634.76M
CRNX,Crinetics Pharmaceuticals,Biotechnology,1.27B
CRSP,CRISPR Therapeutics,Biotechnology,7.27B
CRTX,Cortexyme,Biotechnology,421.84M
CRVS,Corvus Pharmaceuticals,Biotechnology,204.89M
CSTL,Castle Biosciences,Biotechnology,1.64B
CTIC,CTI BioPharma,Biotechnology,246.34M
CTMX,CytomX Therapeutics,Biotechnology,370.09M
CUE,Cue Biopharma,Biotechnology,413.07M
CVAC,CureVac,Biotechnology,7.87B
CVM,Cel-Sci Corporation,Biotechnology,508.59M
CWBR,CohBar,Biotechnology,43.13M
CYAD,Celyad,Biotechnology,65.25M
CYBN,Cybin,Biotechnology,291.77M
CYCC,Cyclacel Pharmaceuticals,Biotechnology,46.36M
CYCN,Cyclerion Therapeutics,Biotechnology,113.82M
CYT,Cyteir Therapeutics,Biotechnology,638.78M
CYTK,Cytokinetics,Biotechnology,2.87B
CYTO,Altamira Therapeutics,Biotechnology,22.78M
DAWN,Day One Biopharmaceuticals,Biotechnology,1.42B
DBTX,Decibel Therapeutics,Biotechnology,207.65M
DBVT,DBV Technologies,Biotechnology,396.22M
DCPH,Deciphera Pharmaceuticals,Biotechnology,1.99B
DFFN,Diffusion Pharmaceuticals,Biotechnology,47.62M
DICE,DICE Therapeutics,Biotechnology,1.25B
DMAC,DiaMedica Therapeutics,Biotechnology,108.14M
DMTK,DermTech,Biotechnology,859.88M
DNA,Ginkgo Bioworks,Biotechnology,26.99B
DNLI,Denali Therapeutics,Biotechnology,6.09B
DRMA,Dermata Therapeutics,Biotechnology,42.06M
DRNA,Dicerna Pharmaceuticals,Biotechnology,1.64B
DSGN,Design Therapeutics,Biotechnology,874.67M
DTIL,Precision BioSciences,Biotechnology,581.48M
DVAX,Dynavax Technologies,Biotechnology,2.36B
DYAI,Dyadic International,Biotechnology,116.25M
EBS,Emergent BioSolutions,Biotechnology,2.68B
EDIT,Editas Medicine,Biotechnology,2.64B
EDSA,Edesa Biotech,Biotechnology,112.54M
EFTR,eFFECTOR Therapeutics,Biotechnology,414.01M
EGRX,Eagle Pharmaceuticals,Biotechnology,702.00M
EIGR,Eiger BioPharmaceuticals,Biotechnology,239.36M
ELDN,Eledon Pharmaceuticals,Biotechnology,72.53M
ELEV,Elevation Oncology,Biotechnology,190.22M
ELYM,Eliem Therapeutics,Biotechnology,421.32M
ENOB,Enochian Biosciences,Biotechnology,483.03M
ENSC,Ensysce Biosciences,Biotechnology,55.30M
ENTA,Enanta Pharmaceuticals,Biotechnology,1.72B
ENTX,Entera Bio,Biotechnology,122.80M
ENVB,Enveric Biosciences,Biotechnology,40.51M
EPIX,ESSA Pharma,Biotechnology,416.97M
EPZM,Epizyme,Biotechnology,453.99M
EQ,Equillium,Biotechnology,183.05M
ERAS,Erasca,Biotechnology,2.36B
ERYP,Erytech Pharma,Biotechnology,85.02M
ESPR,Esperion Therapeutics,Biotechnology,270.95M
ETNB,89bio,Biotechnology,375.24M
ETTX,Entasis Therapeutics,Biotechnology,139.09M
EVAX,Evaxion Biotech,Biotechnology,147.83M
EVGN,Evogene,Biotechnology,115.81M
EVLO,Evelo Biosciences,Biotechnology,506.27M
EWTX,Edgewise Therapeutics,Biotechnology,857.16M
EXAI,Exscientia,Biotechnology,2.50B
EXAS,Exact Sciences,Biotechnology,16.75B
EXEL,Exelixis,Biotechnology,6.84B
FATE,Fate Therapeutics,Biotechnology,5.50B
FBIO,Fortress Biotech,Biotechnology,347.65M
FBRX,Forte Biosciences,Biotechnology,43.50M
FDMT,4D Molecular Therapeutics,Biotechnology,650.69M
FENC,Fennec Pharmaceuticals,Biotechnology,248.18M
FGEN,FibroGen,Biotechnology,1.08B
FHTX,Foghorn Therapeutics,Biotechnology,463.19M
FIXX,Homology Medicines,Biotechnology,343.10M
FLXN,Flexion Therapeutics,Biotechnology,467.48M
FMTX,Forma Therapeutics,Biotechnology,987.42M
FNCH,Finch Therapeutics Group,Biotechnology,643.88M
FOLD,Amicus Therapeutics,Biotechnology,3.08B
FREQ,Frequency Therapeutics,Biotechnology,228.18M
FRLN,Freeline Therapeutics,Biotechnology,110.99M
FSTX,F-star Therapeutics,Biotechnology,142.90M
FUSN,Fusion Pharmaceuticals,Biotechnology,305.01M
FWBI,First Wave BioPharma,Biotechnology,21.25M
FWP,Forward Pharma A/S,Biotechnology,45.85M
GALT,Galectin Therapeutics,Biotechnology,193.88M
GANX,Gain Therapeutics,Biotechnology,83.61M
GBIO,Generation Bio,Biotechnology,1.25B
GBT,Global Blood Therapeutics,Biotechnology,2.43B
GERN,Geron,Biotechnology,503.34M
GHRS,GH Research PLC,Biotechnology,1.24B
GILD,Gilead Sciences,Biotechnology,82.38B
GLMD,Galmed Pharmaceuticals,Biotechnology,71.49M
GLPG,Galapagos,Biotechnology,3.60B
GLSI,Greenwich LifeSciences,Biotechnology,477.89M
GLTO,Galecto,Biotechnology,85.13M
GLUE,Monte Rosa Therapeutics,Biotechnology,1.11B
GLYC,GlycoMimetics,Biotechnology,103.08M
GMAB,Genmab A/S,Biotechnology,29.70B
GMDA,Gamida Cell,Biotechnology,264.47M
GMTX,Gemini Therapeutics,Biotechnology,165.97M
GNCA,Genocea Biosciences,Biotechnology,105.13M
GNFT,Genfit,Biotechnology,166.87M
GNPX,Genprex,Biotechnology,111.22M
GOSS,Gossamer Bio,Biotechnology,969.68M
GOVX,GeoVax Labs,Biotechnology,25.82M
GRAY,Graybug Vision,Biotechnology,66.41M
GRCL,Gracell Biotechnologies,Biotechnology,748.42M
GRFS,Grifols S.A.,Biotechnology,13.38B
GRPH,Graphite Bio,Biotechnology,735.28M
GRTS,Gritstone Oncology,Biotechnology,746.60M
GRTX,Galera Therapeutics,Biotechnology,48.78M
GTBP,GT Biopharma,Biotechnology,204.23M
GTHX,G1 Therapeutics,Biotechnology,642.42M
HALO,Halozyme Therapeutics,Biotechnology,5.56B
HARP,Harpoon Therapeutics,Biotechnology,213.33M
HCWB,HCW Biologics,Biotechnology,139.68M
HGEN,Humanigen,Biotechnology,450.30M
HOOK,HOOKIPA Pharma,Biotechnology,153.65M
HOWL,Werewolf Therapeutics,Biotechnology,441.36M
HRMY,Harmony Biosciences,Biotechnology,2.45B
HRTX,Heron Therapeutics,Biotechnology,1.16B
HSTO,Histogen,Biotechnology,30.26M
HTBX,Heat Biologics,Biotechnology,141.72M
HUMA,Humacyte,Biotechnology,1.11B
IBIO,"iBio, Inc.",Biotechnology,173.28M
IBRX,ImmunityBio,Biotechnology,3.25B
ICCC,ImmuCell,Biotechnology,68.71M
ICPT,Intercept Pharmaceuticals,Biotechnology,493.86M
ICVX,Icosavax,Biotechnology,1.14B
IDRA,Idera Pharmaceuticals,Biotechnology,44.66M
IDYA,IDEAYA Biosciences,Biotechnology,856.38M
IFRX,InflaRx N.V.,Biotechnology,209.44M
IGMS,IGM Biosciences,Biotechnology,1.60B
IKNA,Ikena Oncology,Biotechnology,499.43M
IKT,Inhibikase Therapeutics,Biotechnology,49.51M
IMAB,I-Mab,Biotechnology,4.92B
IMCR,Immunocore,Biotechnology,1.66B
IMGN,ImmunoGen,Biotechnology,1.28B
IMGO,Imago BioSciences,Biotechnology,908.70M
IMMP,Immutep,Biotechnology,326.41M
IMNM,Immunome,Biotechnology,269.32M
IMPL,Impel NeuroPharma,Biotechnology,217.92M
IMRA,IMARA Inc.,Biotechnology,101.05M
IMRN,Immuron,Biotechnology,23.34M
IMRX,Immuneering,Biotechnology,696.18M
IMTX,Immatics,Biotechnology,904.63M
IMUX,Immunic,Biotechnology,253.31M
IMV,IMV Inc.,Biotechnology,130.61M
IMVT,Immunovant,Biotechnology,961.39M
INAB,IN8bio,Biotechnology,145.35M
INBX,Inhibrx,Biotechnology,1.74B
INCY,Incyte,Biotechnology,15.31B
INDP,Indaptus Therapeutics,Biotechnology,60.88M
INFI,Infinity Pharmaceuticals,Biotechnology,234.22M
INKT,MiNK Therapeutics,Biotechnology,617.20M
INM,InMed Pharmaceuticals,Biotechnology,22.05M
INMB,Inmune Bio,Biotechnology,345.42M
INO,Inovio Pharmaceuticals,Biotechnology,1.53B
INSM,Insmed,Biotechnology,3.68B
INZY,Inozyme Pharma,Biotechnology,243.71M
IONS,Ionis Pharmaceuticals,Biotechnology,4.66B
IOVA,Iovance Biotherapeutics,Biotechnology,3.84B
IPA,ImmunoPrecise Antibodies,Biotechnology,123.31M
IPHA,Innate Pharma,Biotechnology,465.55M
IPSC,Century Therapeutics,Biotechnology,1.23B
IRWD,Ironwood Pharmaceuticals,Biotechnology,2.11B
ISEE,IVERIC bio,Biotechnology,2.04B
ISR,IsoRay,Biotechnology,86.91M
ITOS,iTeos Therapeutics,Biotechnology,980.95M
IVA,Inventiva,Biotechnology,611.14M
JANX,Janux Therapeutics,Biotechnology,1.02B
JNCE,Jounce Therapeutics,Biotechnology,462.62M
JSPR,Jasper Therapeutics,Biotechnology,71.21M
KALV,KalVista Pharmaceuticals,Biotechnology,445.99M
KDMN,Kadmon Holdings,Biotechnology,1.67B
KDNY,Chinook Therapeutics,Biotechnology,485.63M
KMDA,Kamada,Biotechnology,263.55M
KNSA,Kiniksa Pharmaceuticals,Biotechnology,872.30M
KNTE,Kinnate Biopharma,Biotechnology,1.08B
KOD,Kodiak Sciences,Biotechnology,6.50B
KPTI,Karyopharm Therapeutics,Biotechnology,439.39M
KRBP,Kiromic BioPharma,Biotechnology,42.76M
KRON,Kronos Bio,Biotechnology,1.01B
KROS,Keros Therapeutics,Biotechnology,999.33M
KRTX,Karuna Therapeutics,Biotechnology,4.19B
KRYS,Krystal Biotech,Biotechnology,1.13B
KTRA,Kintara Therapeutics,Biotechnology,37.04M
KTTA,Pasithea Therapeutics,Biotechnology,33.56M
KURA,Kura Oncology,Biotechnology,1.13B
KYMR,Kymera Therapeutics,Biotechnology,3.22B
KZIA,Kazia Therapeutics,Biotechnology,149.08M
KZR,Kezar Life Sciences,Biotechnology,387.47M
LABP,Landos Biopharma,Biotechnology,554.43M
LBPH,Longboard Pharmaceuticals,Biotechnology,124.81M
LBPS,4D pharma,Biotechnology,157.75M
LCTX,Lineage Cell Therapeutics,Biotechnology,398.55M
LEGN,Legend Biotech,Biotechnology,7.63B
LEXX,Lexaria Bioscience,Biotechnology,36.25M
LGND,Ligand Pharmaceuticals,Biotechnology,2.53B
LGVN,Longeveron,Biotechnology,66.71M
LIAN,LianBio,Biotechnology,1.44B
LIFE,aTyr Pharma,Biotechnology,242.11M
LIXT,Lixte Biotechnology,Biotechnology,27.36M
LJPC,La Jolla Pharmaceutical,Biotechnology,114.63M
LMNL,Liminal BioSciences,Biotechnology,58.09M
LOGC,LogicBio Therapeutics,Biotechnology,122.19M
LPTX,Leap Therapeutics,Biotechnology,241.76M
LRMR,Larimar Therapeutics,Biotechnology,232.71M
LTRN,Lantern Pharma,Biotechnology,112.96M
LUMO,Lumos Pharma,Biotechnology,79.56M
LVTX,LAVA Therapeutics,Biotechnology,200.28M
LXRX,Lexicon Pharmaceuticals,Biotechnology,820.61M
LYEL,Lyell Immunopharma,Biotechnology,3.39B
LYRA,Lyra Therapeutics,Biotechnology,94.52M
MACK,Merrimack Pharmaceuticals,Biotechnology,63.03M
MBIO,Mustang Bio,Biotechnology,217.54M
MBRX,Moleculin Biotech,Biotechnology,75.09M
MCRB,Seres Therapeutics,Biotechnology,590.67M
MDGL,Madrigal Pharmaceuticals,Biotechnology,1.36B
MDNA,Medicenna Therapeutics,Biotechnology,120.64M
MDXG,MiMedx Group,Biotechnology,762.38M
MEIP,MEI Pharma,Biotechnology,321.21M
MESO,Mesoblast,Biotechnology,787.24M
MGNX,MacroGenics,Biotechnology,1.27B
MGTA,Magenta Therapeutics,Biotechnology,432.81M
MGTX,MeiraGTx Holdings,Biotechnology,912.89M
MIRM,Mirum Pharmaceuticals,Biotechnology,495.27M
MIRO,Miromatrix Medical,Biotechnology,188.47M
MITO,Stealth BioTherapeutics,Biotechnology,65.07M
MNKD,MannKind Corporation,Biotechnology,1.22B
MNMD,MindMed,Biotechnology,979.60M
MNOV,MediciNova,Biotechnology,168.94M
MNPR,Monopar Therapeutics,Biotechnology,59.89M
MOLN,Molecular Partners,Biotechnology,615.70M
MOR,MorphoSys,Biotechnology,1.63B
MORF,Morphic Holding,Biotechnology,2.29B
MREO,Mereo BioPharma Group,Biotechnology,260.28M
MRKR,Marker Therapeutics,Biotechnology,129.60M
MRNA,Moderna,Biotechnology,136.10B
MRSN,Mersana Therapeutics,Biotechnology,657.34M
MRTX,Mirati Therapeutics,Biotechnology,8.43B
MRUS,Merus N.V.,Biotechnology,1.13B
MRVI,Maravai LifeSciences,Biotechnology,5.59B
MTCR,Metacrine,Biotechnology,37.67M
MTEM,Molecular Templates,Biotechnology,311.03M
MTNB,Matinas BioPharma,Biotechnology,242.19M
MTP,Midatech Pharma,Biotechnology,21.84M
MYGN,Myriad Genetics,Biotechnology,2.43B
MYMD,MyMD Pharmaceuticals,Biotechnology,362.14M
MYOV,Myovant Sciences,Biotechnology,2.15B
NAUT,Nautilus Biotechnology,Biotechnology,675.11M
NAVB,Navidea Biopharmaceuticals,Biotechnology,45.85M
NBIX,Neurocrine Biosciences,Biotechnology,10.05B
NBSE,NeuBase Therapeutics,Biotechnology,121.05M
NBTX,Nanobiotix,Biotechnology,378.38M
NCNA,NuCana,Biotechnology,131.19M
NERV,Minerva Neurosciences,Biotechnology,61.95M
NEXI,NexImmune,Biotechnology,271.08M
NKTX,Nkarta,Biotechnology,559.74M
NLSP,NLS Pharmaceutics,Biotechnology,29.63M
NLTX,Neoleukin Therapeutics,Biotechnology,319.04M
NNVC,NanoViricides,Biotechnology,58.38M
NRBO,NeuroBo Pharmaceuticals,Biotechnology,50.26M
NRIX,Nurix Therapeutics,Biotechnology,1.54B
NRXP,NRx Pharmaceuticals,Biotechnology,532.90M
NTLA,Intellia Therapeutics,Biotechnology,10.03B
NTRA,Natera,Biotechnology,11.16B
NTRB,Nutriband,Biotechnology,48.89M
NUVB,Nuvation Bio,Biotechnology,1.96B
NUVL,Nuvalent,Biotechnology,1.25B
NVAX,Novavax,Biotechnology,12.84B
NVTA,Invitae Corporation,Biotechnology,6.06B
NXTC,NextCure,Biotechnology,238.01M
NYMX,Nymox Pharmaceutical,Biotechnology,154.07M
OBSV,ObsEva,Biotechnology,199.55M
OCGN,Ocugen,Biotechnology,2.78B
OCUP,Ocuphire Pharma,Biotechnology,67.93M
OCX,OncoCyte,Biotechnology,327.01M
OGEN,Oragenics,Biotechnology,80.88M
OLMA,Olema Pharmaceuticals,Biotechnology,1.07B
OMGA,Omega Therapeutics,Biotechnology,1.40B
ONCR,Oncorus,Biotechnology,289.16M
ONCS,OncoSec Medical,Biotechnology,68.57M
ONCT,Oncternal Therapeutics,Biotechnology,191.12M
ONCY,Oncolytics Biotech,Biotechnology,120.71M
ONVO,Organovo Holdings,Biotechnology,55.37M
OPGN,"OpGen, Inc.",Biotechnology,69.65M
OPK,OPKO Health,Biotechnology,2.62B
OPT,Opthea,Biotechnology,324.70M
ORGO,Organogenesis Holdings,Biotechnology,1.44B
ORGS,Orgenesis,Biotechnology,111.91M
ORIC,Oric Pharmaceuticals,Biotechnology,600.77M
ORPH,Orphazyme,Biotechnology,149.34M
ORTX,Orchard Therapeutics,Biotechnology,248.23M
OTLK,Outlook Therapeutics,Biotechnology,364.71M
OVID,Ovid Therapeutics,Biotechnology,234.37M
OYST,Oyster Point Pharma,Biotechnology,327.00M
PALI,Palisade Bio,Biotechnology,35.30M
PASG,Passage Bio,Biotechnology,507.40M
PBLA,Panbela Therapeutics,Biotechnology,29.01M
PBYI,Puma Biotechnology,Biotechnology,232.85M
PCSA,Processa Pharmaceuticals,Biotechnology,110.01M
PCVX,Vaxcyte,Biotechnology,1.30B
PDSB,PDS Biotechnology,Biotechnology,356.15M
PGEN,Precigen,Biotechnology,1.06B
PHAR,Pharming Group,Biotechnology,597.94M
PHAS,PhaseBio Pharmaceuticals,Biotechnology,190.25M
PHGE,BiomX,Biotechnology,66.54M
PHIO,Phio Pharmaceuticals,Biotechnology,22.74M
PHVS,Pharvaris,Biotechnology,589.69M
PIRS,Pieris Pharmaceuticals,Biotechnology,315.54M
PLRX,Pliant Therapeutics,Biotechnology,600.88M
PLX,Protalix BioTherapeutics,Biotechnology,50.11M
PMCB,PharmaCyte Biotech,Biotechnology,60.70M
PMVP,PMV Pharmaceuticals,Biotechnology,1.11B
PNT,POINT Biopharma Global,Biotechnology,757.92M
PPBT,Purple Biotech,Biotechnology,81.12M
PRAX,Praxis Precision Medicines,Biotechnology,971.60M
PRLD,Prelude Therapeutics,Biotechnology,861.75M
PRQR,ProQR Therapeutics,Biotechnology,545.27M
PRTA,Prothena,Biotechnology,2.59B
PRTC,PureTech Health,Biotechnology,1.40B
PRTG,Portage Biotech,Biotechnology,298.37M
PSTI,Pluristem Therapeutics,Biotechnology,87.37M
PSTV,Plus Therapeutics,Biotechnology,28.57M
PSTX,Poseida Therapeutics,Biotechnology,407.07M
PTCT,PTC Therapeutics,Biotechnology,2.78B
PTE,PolarityTE,Biotechnology,47.47M
PTGX,Protagonist Therapeutics,Biotechnology,1.57B
PTIX,Protagenic Therapeutics,Biotechnology,33.39M
PTN,Palatin Technologies,Biotechnology,95.21M
PYPD,PolyPid,Biotechnology,135.99M
PYXS,Pyxis Oncology,Biotechnology,432.20M
QLGN,Qualigen Therapeutics,Biotechnology,34.80M
QSI,Quantum-Si,Biotechnology,1.15B
QURE,uniQure,Biotechnology,1.46B
RAIN,Rain Therapeutics,Biotechnology,435.91M
RANI,Rani Therapeutics,Biotechnology,466.05M
RAPT,Rapt Therapeutics,Biotechnology,1.02B
RARE,Ultragenyx Pharmaceutical,Biotechnology,5.83B
RCEL,Avita Therapeutics,Biotechnology,417.50M
RCKT,Rocket Pharmaceuticals,Biotechnology,2.00B
RCOR,Renovacor,Biotechnology,14.58M
RCUS,Arcus Biosciences,Biotechnology,2.43B
RDUS,Radius Health,Biotechnology,1.02B
REGN,Regeneron Pharmaceuticals,Biotechnology,68.36B
REPL,Replimune Group,Biotechnology,1.44B
RGLS,Regulus Therapeutics,Biotechnology,41.43M
RGNX,REGENXBIO Inc.,Biotechnology,1.54B
RIGL,Rigel Pharmaceuticals,Biotechnology,604.81M
RLAY,Relay Therapeutics,Biotechnology,3.68B
RLYB,Rallybio,Biotechnology,584.44M
RNA,Avidity Biosciences,Biotechnology,1.11B
RNAZ,TransCode Therapeutics,Biotechnology,39.75M
RNXT,RenovoRx,Biotechnology,45.78M
ROIV,Roivant Sciences,Biotechnology,1.73B
RPHM,Reneo Pharmaceuticals,Biotechnology,170.84M
RPTX,Repare Therapeutics,Biotechnology,960.22M
RUBY,Rubius Therapeutics,Biotechnology,1.33B
RVMD,Revolution Medicines,Biotechnology,2.29B
RVPH,Reviva Pharmaceuticals,Biotechnology,49.72M
RXDX,Prometheus Biosciences,Biotechnology,1.24B
RXRX,Recursion Pharmaceuticals,Biotechnology,3.40B
RYTM,Rhythm Pharmaceuticals,Biotechnology,607.75M
RZLT,Rezolute,Biotechnology,100.54M
SAGE,Sage Therapeutics,Biotechnology,2.49B
SANA,Sana Biotechnology,Biotechnology,4.21B
SBTX,Silverback Therapeutics,Biotechnology,313.23M
SCPS,Scopus Biopharma,Biotechnology,61.88M
SELB,Selecta Biosciences,Biotechnology,431.55M
SESN,Sesen Bio,Biotechnology,237.16M
SGEN,Seagen,Biotechnology,32.66B
SGMO,Sangamo Therapeutics,Biotechnology,1.26B
SGTX,Sigilon Therapeutics,Biotechnology,171.51M
SIOX,Sio Gene Therapies,Biotechnology,148.07M
SLDB,Solid Biosciences,Biotechnology,236.04M
SLN,Silence Therapeutics,Biotechnology,658.07M
SLNO,Soleno Therapeutics,Biotechnology,60.73M
SLRX,Salarius Pharmaceuticals,Biotechnology,37.86M
SLS,SELLAS Life Sciences Group,Biotechnology,141.75M
SMMT,Summit Therapeutics,Biotechnology,509.31M
SNDX,Syndax Pharmaceuticals,Biotechnology,956.50M
SNGX,Soligenix,Biotechnology,40.10M
SNPX,Synaptogenix,Biotechnology,66.33M
SNSE,Sensei Biotherapeutics,Biotechnology,267.96M
SONN,Sonnet BioTherapeutics,Biotechnology,38.11M
SPPI,Spectrum Pharmaceuticals,Biotechnology,316.66M
SPRB,Spruce Biosciences,Biotechnology,111.51M
SPRO,Spero Therapeutics,Biotechnology,563.53M
SQZ,SQZ Biotechnologies,Biotechnology,382.85M
SRNE,Sorrento Therapeutics,Biotechnology,2.14B
SRPT,Sarepta Therapeutics,Biotechnology,6.89B
SRRA,Sierra Oncology,Biotechnology,264.40M
SRRK,Scholar Rock Holding,Biotechnology,926.99M
STAB,Statera Biopharma,Biotechnology,122.60M
STOK,Stoke Therapeutics,Biotechnology,881.61M
STRO,Sutro Biopharma,Biotechnology,1.00B
STTK,Shattuck Labs,Biotechnology,842.03M
SURF,Surface Oncology,Biotechnology,341.80M
SVRA,Savara,Biotechnology,137.76M
SWTX,Springworks Therapeutics,Biotechnology,3.37B
SYBX,Synlogic,Biotechnology,179.89M
SYN,Synthetic Biologics,Biotechnology,57.20M
SYRS,Syros Pharmaceuticals,Biotechnology,272.50M
TALS,Talaris Therapeutics,Biotechnology,722.43M
TARA,ArTara Therapeutics,Biotechnology,78.87M
TARS,Tarsus Pharmaceuticals,Biotechnology,581.22M
TCON,TRACON Pharmaceuticals,Biotechnology,73.06M
TCRR,TCR2 Therapeutics,Biotechnology,255.15M
TCRX,TScan Therapeutics,Biotechnology,199.39M
TENX,Tenax Therapeutics,Biotechnology,39.57M
TERN,Terns Pharmaceuticals,Biotechnology,243.52M
TGTX,TG Therapeutics,Biotechnology,4.67B
THRX,Theseus Pharmaceuticals,Biotechnology,662.98M
THTX,Theratechnologies,Biotechnology,333.88M
TIG,Trean Insurance Group,Biotechnology,518.90M
TIL,Instil Bio,Biotechnology,2.76B
TLSA,Tiziana Life Sciences,Biotechnology,158.61M
TMBR,Timber Pharmaceuticals,Biotechnology,29.94M
TNGX,Tango Therapeutics,Biotechnology,1.13B
TNXP,Tonix Pharmaceuticals,Biotechnology,207.36M
TNYA,Tenaya Therapeutics,Biotechnology,1.03B
TPST,Tempest Therapeutics,Biotechnology,78.63M
TPTX,Turning Point Therapeutics,Biotechnology,2.19B
TRDA,Entrada Therapeutics,Biotechnology,672.77M
TRIL,Trillium Therapeutics,Biotechnology,1.89B
TRVN,Trevena,Biotechnology,171.09M
TSHA,Taysha Gene Therapies,Biotechnology,632.30M
TTOO,T2 Biosystems,Biotechnology,133.19M
TVTX,Travere Therapeutics,Biotechnology,1.81B
TWST,Twist Bioscience,Biotechnology,6.25B
TYME,Tyme Technologies,Biotechnology,165.34M
TYRA,Tyra Biosciences,Biotechnology,978.31M
UBX,Unity Biotechnology,Biotechnology,133.41M
UNCY,Unicycive Therapeutics,Biotechnology,41.78M
UPC,Universe Pharmaceuticals,Biotechnology,50.24M
URGN,UroGen Pharma,Biotechnology,380.62M
UTHR,United Therapeutics,Biotechnology,8.70B
VACC,Vaccitech,Biotechnology,474.07M
VALN,Valneva,Biotechnology,2.46B
VBIV,VBI Vaccines,Biotechnology,780.82M
VBLT,Vascular Biogenics,Biotechnology,148.44M
VCEL,Vericel,Biotechnology,2.14B
VCNX,Vaccinex,Biotechnology,59.45M
VCYT,Veracyte,Biotechnology,3.67B
VECT,VectivBio Holding,Biotechnology,191.86M
VERA,Vera Therapeutics,Biotechnology,376.83M
VERV,Verve Therapeutics,Biotechnology,2.38B
VINC,Vincerx Pharma,Biotechnology,310.69M
VIR,Vir Biotechnology,Biotechnology,4.83B
VIRI,Virios Therapeutics,Biotechnology,47.15M
VIRX,Viracta Therapeutics,Biotechnology,221.12M
VKTX,Viking Therapeutics,Biotechnology,480.09M
VLON,Vallon Pharmaceuticals,Biotechnology,33.59M
VNDA,Vanda Pharmaceuticals,Biotechnology,1.07B
VOR,Vor Biopharma,Biotechnology,609.54M
VRDN,Viridian Therapeutics,Biotechnology,313.84M
VRPX,Virpax Pharmaceuticals,Biotechnology,49.56M
VRTX,Vertex Pharmaceuticals,Biotechnology,48.10B
VSTM,Verastem,Biotechnology,488.05M
VTGN,VistaGen Therapeutics,Biotechnology,462.97M
VTVT,vTv Therapeutics,Biotechnology,119.10M
VTYX,Ventyx Biosciences,Biotechnology,999.65M
VXRT,Vaxart,Biotechnology,873.14M
VYGR,Voyager Therapeutics,Biotechnology,140.74M
VYNE,VYNE Therapeutics,Biotechnology,72.12M
VYNT,Vyant Bio,Biotechnology,73.91M
WINT,Windtree Therapeutics,Biotechnology,49.14M
XBIO,Xenetic Biosciences,Biotechnology,23.69M
XBIT,XBiotech,Biotechnology,465.70M
XCUR,Exicure,Biotechnology,102.21M
XENE,Xenon Pharmaceuticals,Biotechnology,1.71B
XFOR,X4 Pharmaceuticals,Biotechnology,129.73M
XLO,Xilio Therapeutics,Biotechnology,507.26M
XLRN,Acceleron Pharma,Biotechnology,10.63B
XNCR,Xencor,Biotechnology,2.38B
XOMA,XOMA Corporation,Biotechnology,283.80M
XRTX,XORTX Therapeutics,Biotechnology,32.85M
XTLB,XTL Biopharmaceuticals,Biotechnology,21.00M
YMAB,Y-mAbs Therapeutics,Biotechnology,1.14B
YMTX,Yumanity Therapeutics,Biotechnology,95.54M
YTEN,Yield10 Bioscience,Biotechnology,29.33M
ZEAL,Zealand Pharma A/S,Biotechnology,1.44B
ZIOP,ZIOPHARM Oncology,Biotechnology,351.36M
ZLAB,Zai Lab,Biotechnology,9.97B
ZNTL,Zentalis Pharmaceuticals,Biotechnology,3.65B
ZYME,Zymeworks,Biotechnology,1.09B
AAC,Ares Acquisition,Blank Check / SPAC,1.23B
AAQC,Accelerate Acquisition,Blank Check / SPAC,487.00M
ABGI,ABG Acquisition I,Blank Check / SPAC,189.07M
ACAH,Atlantic Coastal Acquisition,Blank Check / SPAC,419.18M
ACBA,Ace Global Business Acquisition,Blank Check / SPAC,61.08M
ACEV,ACE Convergence Acquisition,Blank Check / SPAC,285.77M
ACHR,Archer Aviation,Blank Check / SPAC,1.54B
ACII,Atlas Crest Investment II,Blank Check / SPAC,421.33M
ACKIT,Ackrell SPAC Partners I,Blank Check / SPAC,153.82M
ACQR,Independence Holdings,Blank Check / SPAC,606.69M
ACRO,Acropolis Infrastructure Acquisition,Blank Check / SPAC,363.75M
ACTD,Arclight Clean Transition II,Blank Check / SPAC,380.40M
ADER,26 Capital Acquisition,Blank Check / SPAC,339.45M
ADEX,Adit EdTech Acquisition,Blank Check / SPAC,334.65M
ADF,Aldel Financial,Blank Check / SPAC,150.97M
ADOC,Edoc Acquisition,Blank Check / SPAC,120.28M
ADRA,Adara Acquisition,Blank Check / SPAC,141.74M
AEAC,Authentic Equity Acquisition,Blank Check / SPAC,292.50M
AFAQ,AF Acquisition,Blank Check / SPAC,273.00M
AFTR,AfterNext HealthTech Acquisition,Blank Check / SPAC,302.81M
AGAC,African Gold Acquisition,Blank Check / SPAC,504.04M
AGBA,AGBA Acquisition,Blank Check / SPAC,58.56M
AGC,Altimeter Growth Corp.,Blank Check / SPAC,761.25M
AGCB,Altimeter Growth 2,Blank Check / SPAC,596.77M
AGGR,Agile Growth,Blank Check / SPAC,377.81M
AHPA,Avista Public Acquisition II,Blank Check / SPAC,287.50M
AKIC,Sports Ventures Acquisition,Blank Check / SPAC,287.04M
ALAC,Alberton Acquisition,Blank Check / SPAC,51.97M
ALCC,AltC Acquisition,Blank Check / SPAC,629.91M
ALPA,Alpha Healthcare Acquisition III,Blank Check / SPAC,187.25M
ALTU,Altitude Acquisition,Blank Check / SPAC,370.24M
AMAO,American Acquisition Opportunity,Blank Check / SPAC,134.27M
AMCI,AMCI Acquisition II,Blank Check / SPAC,186.75M
AMPI,Advanced Merger Partners,Blank Check / SPAC,350.75M
ANAC,Arctos NorthStar Acquisition,Blank Check / SPAC,386.62M
ANZU,Anzu Special Acquisition I,Blank Check / SPAC,517.97M
APAC,Stonebridge Acquisition,Blank Check / SPAC,247.75M
APGB,Apollo Strategic Growth Capital II,Blank Check / SPAC,843.52M
APMI,AxonPrime Infrastructure Acquisition,Blank Check / SPAC,186.95M
APSG,Apollo Strategic Growth Capital,Blank Check / SPAC,1.00B
APTM,Alpha Partners Technology Merger,Blank Check / SPAC,310.89M
ARBG,Aequi Acquisition,Blank Check / SPAC,280.60M
ARQQ,Arqit Quantum,Blank Check / SPAC,943.45M
ARRW,Arrowroot Acquisition,Blank Check / SPAC,349.31M
ARTA,Artisan Acquisition,Blank Check / SPAC,434.35M
ARYD,ARYA Sciences Acquisition IV,Blank Check / SPAC,196.04M
ARYE,Arya Sciences Acquisition V,Blank Check / SPAC,188.03M
ASAQ,Atlantic Street Acquisition,Blank Check / SPAC,307.81M
ASAX,Astrea Acquisition,Blank Check / SPAC,218.17M
ASPA,Abri SPAC I,Blank Check / SPAC,64.15M
ASPC,Alpha Capital Acquisition,Blank Check / SPAC,280.02M
ASZ,Austerlitz Acquisition II,Blank Check / SPAC,1.93B
ATA,Americas Technology Acquisition,Blank Check / SPAC,146.16M
ATAQ,Altimar Acquisition III,Blank Check / SPAC,189.02M
ATHN,Athena Technology Acquisition,Blank Check / SPAC,341.98M
ATMR,Altimar Acquisition II,Blank Check / SPAC,428.23M
ATVC,Tribe Capital Growth I,Blank Check / SPAC,338.10M
AURC,Aurora Acquisition,Blank Check / SPAC,346.12M
AUS,Austerlitz Acquisition I,Blank Check / SPAC,985.71M
AVAN,Avanti Acquisition,Blank Check / SPAC,736.50M
BBLN,Babylon Holdings,Blank Check / SPAC,418.31M
BCAC,Brookline Capital Acquisition,Blank Check / SPAC,74.12M
BENE,Benessere Capital Acquisition,Blank Check / SPAC,154.45M
BGSX,Build Acquisition,Blank Check / SPAC,244.50M
BHSE,Bull Horn Holdings,Blank Check / SPAC,93.66M
BIOT,Biotech Acquisition,Blank Check / SPAC,281.18M
BITE,Bite Acquisition,Blank Check / SPAC,249.48M
BLNG,Belong Acquisition,Blank Check / SPAC,195.00M
BLSA,BCLS Acquisition,Blank Check / SPAC,187.54M
BLTS,Bright Lights Acquisition,Blank Check / SPAC,280.31M
BLUA,BlueRiver Acquisition,Blank Check / SPAC,259.86M
BNIX,Bannix Acquisition,Blank Check / SPAC,69.15M
BOAC,Bluescape Opportunities Acquisition,Blank Check / SPAC,745.71M
BOAS,BOA Acquisition,Blank Check / SPAC,280.02M
BREZ,Breeze Holdings Acquisition,Blank Check / SPAC,148.30M
BRIV,B. Riley Principal 250 Merger,Blank Check / SPAC,211.10M
BRLI,Brilliant Acquisition,Blank Check / SPAC,62.27M
BRPM,B. Riley Principal 150 Merger,Blank Check / SPAC,234.52M
BSAQ,Black Spade Acquisition,Blank Check / SPAC,182.63M
BSGA,Blue Safari Group Acquisition,Blank Check / SPAC,74.77M
BSKY,Big Sky Growth Partners,Blank Check / SPAC,368.25M
BSN,Broadstone Acquisition,Blank Check / SPAC,380.83M
BTAQ,Burgundy Technology Acquisition,Blank Check / SPAC,440.99M
BTNB,Bridgetown 2 Holdings,Blank Check / SPAC,376.37M
BTTX,Better Therapeutics,Blank Check / SPAC,78.82M
BTWN,Bridgetown Holdings,Blank Check / SPAC,744.49M
BWAC,Better World Acquisition,Blank Check / SPAC,162.67M
BWC,Blue Whale Acquisition I,Blank Check / SPAC,288.08M
BYTS,BYTE Acquisition,Blank Check / SPAC,406.20M
CAS,Cascade Acquisition,Blank Check / SPAC,286.92M
CBAH,CBRE Acquisition,Blank Check / SPAC,439.53M
CCAC,CITIC Capital Acquisition,Blank Check / SPAC,346.72M
CCAI,Cascadia Acquisition,Blank Check / SPAC,182.63M
CCV,Churchill Capital V,Blank Check / SPAC,613.75M
CCVI,Churchill Capital VI,Blank Check / SPAC,683.10M
CENQ,CENAQ Energy,Blank Check / SPAC,215.78M
CFFE,CF Acquisition VIII,Blank Check / SPAC,315.36M
CFIV,CF Acquisition IV,Blank Check / SPAC,621.67M
CFV,CF Acquisition V,Blank Check / SPAC,316.91M
CFVI,CF Acquisition VI,Blank Check / SPAC,372.45M
CHAA,Catcha Investment,Blank Check / SPAC,366.38M
CHWA,CHW Acquisition,Blank Check / SPAC,152.59M
CLAA,Colonnade Acquisition II,Blank Check / SPAC,403.42M
CLAQ,CleanTech Acquisition,Blank Check / SPAC,214.76M
CLAS,Class Acceleration,Blank Check / SPAC,315.35M
CLAY,Chavant Capital Acquisition,Blank Check / SPAC,101.56M
CLBR,Colombier Acquisition,Blank Check / SPAC,187.33M
CLIM,Climate Real Impact Solutions II,Blank Check / SPAC,295.54M
CLOE,Clover Leaf Capital,Blank Check / SPAC,163.63M
CLRM,Clarim Acquisition,Blank Check / SPAC,353.27M
CND,Concord Acquisition,Blank Check / SPAC,403.99M
CNDA,Concord Acquisition II,Blank Check / SPAC,306.25M
CNTQ,Chardan NexTech Acquisition 2,Blank Check / SPAC,134.33M
COLI,Colicity,Blank Check / SPAC,421.33M
CONX,CONX Corp.,Blank Check / SPAC,921.76M
COOL,Corner Growth Acquisition,Blank Check / SPAC,490.00M
CORS,Corsair Partnering,Blank Check / SPAC,263.52M
COVA,Crescent Cove Acquisition,Blank Check / SPAC,365.62M
CPAA,Conyers Park III Acquisition,Blank Check / SPAC,437.83M
CPAR,Catalyst Partners Acquisition,Blank Check / SPAC,435.52M
CPSR,Capstar Special Purpose Acquisition,Blank Check / SPAC,343.28M
CPTK,Crown PropTech Acquisitions,Blank Check / SPAC,336.03M
CPUH,Compute Health Acquisition,Blank Check / SPAC,1.06B
CRU,Crucible Acquisition,Blank Check / SPAC,316.00M
CRZN,Corazon Capital V838 Monoceros,Blank Check / SPAC,247.57M
CSTA,Constellation Acquisition I,Blank Check / SPAC,388.32M
CTAQ,Carney Technology Acquisition II,Blank Check / SPAC,511.22M
CVII,Churchill Capital VII,Blank Check / SPAC,1.69B
DALS,DA32 Life Science Tech Acquisition,Blank Check / SPAC,258.72M
DBDR,Roman DBDR Tech Acquisition,Blank Check / SPAC,295.53M
DCRC,Decarbonization Plus Acquisition III,Blank Check / SPAC,564.37M
DCRD,Decarbonization Plus IV,Blank Check / SPAC,391.95M
DCRN,Decarbonization Plus Acquisition II,Blank Check / SPAC,503.63M
DDMX,DD3 Acquisition II,Blank Check / SPAC,159.95M
DFPH,DFP Healthcare Acquisitions,Blank Check / SPAC,286.92M
DGNS,Dragoneer Growth Opportunities II,Blank Check / SPAC,365.21M
DGNU,Dragoneer Growth Opportunities III,Blank Check / SPAC,536.73M
DHBC,DHB Capital,Blank Check / SPAC,353.12M
DHCA,DHC Acquisition,Blank Check / SPAC,377.92M
DHHC,DiamondHead Holdings,Blank Check / SPAC,421.33M
DILA,DILA Capital Acquisition,Blank Check / SPAC,73.82M
DISA,Disruptive Acquisition I,Blank Check / SPAC,334.81M
DKDCA,Data Knights Acquisition,Blank Check / SPAC,150.50M
DLCA,Deep Lake Capital Acquisition,Blank Check / SPAC,252.54M
DMYQ,dMY Technology Group IV,Blank Check / SPAC,439.44M
DNAA,Social Capital Suvretta Holdings I,Blank Check / SPAC,318.69M
DNAB,Social Capital Suvretta Holdings II,Blank Check / SPAC,318.37M
DNAC,Social Capital Suvretta Holdings III,Blank Check / SPAC,318.37M
DNAD,Social Capital Suvretta Holdings IV,Blank Check / SPAC,318.05M
DNZ,D & Z Media Acquisition,Blank Check / SPAC,350.75M
DOMA,Doma Holdings,Blank Check / SPAC,2.17B
DRAY,Macondray Capital Acquisition I,Blank Check / SPAC,314.79M
DSAC,Duddell Street Acquisition,Blank Check / SPAC,214.59M
DTOC,Digital Transformation Opportunities,Blank Check / SPAC,404.79M
DTRT,DTRT Health Acquisition,Blank Check / SPAC,248.00M
DUNE,Dune Acquisition,Blank Check / SPAC,133.45M
DWAC,Digital World Acquisition,Blank Check / SPAC,2.19B
DWIN,Delwinds Insurance Acquisition,Blank Check / SPAC,254.79M
DYNS,Dynamics Special Purpose,Blank Check / SPAC,300.55M
EAC,Edify Acquisition,Blank Check / SPAC,337.41M
EBAC,European Biotech Acquisition,Blank Check / SPAC,160.05M
EDTX,EdtechX Holdings Acquisition II,Blank Check / SPAC,143.75M
EGGF,EG Acquisition,Blank Check / SPAC,271.97M
EJFA,EJF Acquisition,Blank Check / SPAC,357.58M
ENFA,890 5th Avenue Partners,Blank Check / SPAC,366.05M
ENNV,ECP Environmental Growth Opportunities,Blank Check / SPAC,428.88M
ENVI,Environmental Impact Acquisition,Blank Check / SPAC,257.33M
EOCW,Elliott Opportunity II,Blank Check / SPAC,637.32M
EPHY,Epiphany Technology Acquisition,Blank Check / SPAC,499.88M
EPWR,Empowerment & Inclusion Capital I,Blank Check / SPAC,337.76M
EQD,Equity Distribution Acquisition,Blank Check / SPAC,508.44M
EQHA,EQ Health Acquisition,Blank Check / SPAC,267.85M
ERES,East Resources Acquisition,Blank Check / SPAC,424.78M
ESM,ESM Acquisition,Blank Check / SPAC,372.17M
ESSC,East Stone Acquisition,Blank Check / SPAC,181.14M
ETAC,E.merge Technology Acquisition,Blank Check / SPAC,749.81M
EUCR,Eucrates Biomedical Acquisition,Blank Check / SPAC,131.90M
EUSG,European Sustainable Growth Acquisition,Blank Check / SPAC,182.09M
EVOJ,Evo Acquisition,Blank Check / SPAC,152.35M
FACA,Figure Acquisition I,Blank Check / SPAC,405.37M
FACT,Freedom Acquisition I,Blank Check / SPAC,420.90M
FCAX,Fortress Capital Acquisition,Blank Check / SPAC,489.00M
FICV,Frontier Investment,Blank Check / SPAC,242.75M
FINM,Marlin Technology,Blank Check / SPAC,506.63M
FLAC,Frazier Lifesciences Acquisition,Blank Check / SPAC,174.14M
FLME,Flame Acquisition,Blank Check / SPAC,350.39M
FMAC,FirstMark Horizon Acquisition,Blank Check / SPAC,513.88M
FMIV,Forum Merger IV,Blank Check / SPAC,420.58M
FORE,Foresight Acquisition,Blank Check / SPAC,482.22M
FOXW,FoxWayne Enterprises Acquisition,Blank Check / SPAC,71.80M
FPAC,Far Peak Acquisition,Blank Check / SPAC,757.48M
FRON,Frontier Acquisition,Blank Check / SPAC,287.34M
FRSG,First Reserve Sustainable Growth,Blank Check / SPAC,276.38M
FRW,PWP Forward Acquisition I,Blank Check / SPAC,258.46M
FRXB,Forest Road Acquisition II,Blank Check / SPAC,427.87M
FSII,FS Development II,Blank Check / SPAC,263.00M
FSNB,Fusion Acquisition II,Blank Check / SPAC,610.00M
FSRX,FinServ Acquisition II,Blank Check / SPAC,372.47M
FSSI,Fortistar Sustainable Solutions,Blank Check / SPAC,315.35M
FST,Fast Acquisition,Blank Check / SPAC,320.25M
FTAA,FTAC Athena Acquisition,Blank Check / SPAC,340.17M
FTCV,FinTech Acquisition V,Blank Check / SPAC,374.69M
FTEV,FinTech Evolution Acquisition,Blank Check / SPAC,334.06M
FTPA,FTAC Parnassus Acquisition,Blank Check / SPAC,334.31M
FTVI,FinTech Acquisition VI,Blank Check / SPAC,337.40M
FVAM,5:01 Acquisition,Blank Check / SPAC,108.36M
FVIV,Fortress Value Acquisition IV,Blank Check / SPAC,636.35M
FVT,Fortress Value Acquisition III,Blank Check / SPAC,280.74M
FWAC,Fifth Wall Acquisition III,Blank Check / SPAC,349.29M
FZT,FAST Acquisition II,Blank Check / SPAC,272.36M
GACQ,Global Consumer Acquisition,Blank Check / SPAC,221.18M
GAMC,Golden Arrow Merger,Blank Check / SPAC,350.03M
GAPA,G&P Acquisition,Blank Check / SPAC,215.91M
GBRG,Goldenbridge Acquisition,Blank Check / SPAC,75.21M
GCAC,Growth Capital Acquisition,Blank Check / SPAC,214.55M
GFOR,Graf Acquisition IV,Blank Check / SPAC,209.38M
GFX,Golden Falcon Acquisition,Blank Check / SPAC,422.19M
GGGV,G3 VRM Acquisition,Blank Check / SPAC,139.30M
GGMC,Glenfarne Merger,Blank Check / SPAC,339.45M
GGPI,Gores Guggenheim,Blank Check / SPAC,1.10B
GHAC,Gaming & Hospitality Acquisition,Blank Check / SPAC,251.59M
GIG,GigCapital4,Blank Check / SPAC,459.50M
GIIX,Gores Holdings VIII,Blank Check / SPAC,423.49M
GIW,GigInternational1,Blank Check / SPAC,268.68M
GLAQ,Globis Acquisition,Blank Check / SPAC,151.86M
GLBL,Cartesian Growth,Blank Check / SPAC,428.66M
GLEE,Gladstone Acquisition,Blank Check / SPAC,135.37M
GLHA,Glass Houses Acquisition,Blank Check / SPAC,268.43M
GLSPT,Global SPAC Partners,Blank Check / SPAC,258.43M
GLTA,Galata Acquisition,Blank Check / SPAC,154.31M
GMBT,Queen's Gambit Growth Capital,Blank Check / SPAC,428.23M
GMII,Gores Metropoulos II,Blank Check / SPAC,561.37M
GNAC,Group Nine Acquisition,Blank Check / SPAC,280.60M
GOAC,GO Acquisition,Blank Check / SPAC,707.25M
GOBI,Gobi Acquisition,Blank Check / SPAC,313.12M
GPAC,Global Partner Acquisition II,Blank Check / SPAC,366.00M
GPCO,Golden Path Acquisition,Blank Check / SPAC,74.65M
GRCY,Greencity Acquisition,Blank Check / SPAC,53.65M
GSAQ,Global Synergy Acquisition,Blank Check / SPAC,317.94M
GSEV,Gores Holdings VII,Blank Check / SPAC,675.12M
GSQB,G Squared Ascend II,Blank Check / SPAC,67.32M
GSQD,G Squared Ascend I,Blank Check / SPAC,426.31M
GTPA,Gores Technology Partners,Blank Check / SPAC,339.97M
GTPB,Gores Technology Partners II,Blank Check / SPAC,566.38M
GWII,Good Works II Acquisition,Blank Check / SPAC,251.11M
GXII,GX Acquisition II,Blank Check / SPAC,364.87M
HAAC,Health Assurance Acquisition,Blank Check / SPAC,541.88M
HCAQ,HealthCor Catalio Acquisition,Blank Check / SPAC,269.67M
HCAR,Healthcare Services Acquisition,Blank Check / SPAC,404.48M
HCIC,Hennessy Capital Investment V,Blank Check / SPAC,433.41M
HCII,Hudson Executive Investment II,Blank Check / SPAC,305.62M
HCNE,JAWS Hurricane Acquisition,Blank Check / SPAC,386.62M
HERA,FTAC Hera Acquisition,Blank Check / SPAC,1.06B
HHLA,HH&L Acquisition,Blank Check / SPAC,503.53M
HIGA,H.I.G. Acquisition,Blank Check / SPAC,447.20M
HIII,Hudson Executive Investment III,Blank Check / SPAC,730.58M
HLAH,Hamilton Lane Alliance Holdings I,Blank Check / SPAC,317.56M
HLXA,Helix Acquisition,Blank Check / SPAC,147.41M
HMCO,HumanCo Acquisition,Blank Check / SPAC,380.53M
HSAQ,Health Sciences Acquisitions 2,Blank Check / SPAC,201.43M
HTPA,Highland Transcend Partners I,Blank Check / SPAC,372.75M
HUGS,USHG Acquisition,Blank Check / SPAC,348.10M
HWEL,Healthwell Acquisition I,Blank Check / SPAC,302.50M
HYAC,Haymaker Acquisition III,Blank Check / SPAC,387.35M
HYZN,Hyzon Motors,Blank Check / SPAC,1.56B
HZON,Horizon Acquisition II,Blank Check / SPAC,647.72M
IACB,ION Acquisition 2,Blank Check / SPAC,314.67M
IACC,ION Acquisition 3,Blank Check / SPAC,315.73M
IBER,Ibere Pharmaceuticals,Blank Check / SPAC,167.84M
IGAC,IG Acquisition,Blank Check / SPAC,370.50M
IGNY,Ignyte Acquisition,Blank Check / SPAC,71.27M
IIAC,Investindustrial Acquisition,Blank Check / SPAC,505.64M
IIII,Insu Acquisition III,Blank Check / SPAC,334.01M
IMAQ,International Media Acquisition,Blank Check / SPAC,233.92M
IMPX,AEA-Bridges Impact Corp,Blank Check / SPAC,491.00M
INAQ,Insight Acquisition,Blank Check / SPAC,292.80M
INKA,KludeIn I Acquisition,Blank Check / SPAC,212.28M
IPOD,Social Capital Hedosophia IV,Blank Check / SPAC,596.28M
IPOF,Social Capital Hedosophia VI,Blank Check / SPAC,1.48B
IPVA,InterPrivate II Acquisition,Blank Check / SPAC,318.93M
IPVF,InterPrivate III Financial Partners,Blank Check / SPAC,330.70M
IPVI,InterPrivate IV InfraTech Partners,Blank Check / SPAC,349.85M
ISAA,Iron Spark I,Blank Check / SPAC,222.72M
ISLE,Isleworth Healthcare Acquisition,Blank Check / SPAC,257.46M
ISOS,Isos Acquisition,Blank Check / SPAC,321.73M
ITHX,ITHAX Acquisition,Blank Check / SPAC,300.91M
ITQ,Itiquira Acquisition,Blank Check / SPAC,280.02M
IVAN,Ivanhoe Capital Acquisition,Blank Check / SPAC,360.52M
JAQC,Jupiter Acquisition,Blank Check / SPAC,196.89M
JATT,JATT Acquisition,Blank Check / SPAC,148.05M
JCIC,Jack Creek Investment,Blank Check / SPAC,421.33M
JOFF,JOFF Fintech Acquisition,Blank Check / SPAC,504.04M
JUGG,JAWS Juggernaut Acquisition,Blank Check / SPAC,338.10M
JWSM,Jaws Mustang Acquisition,Blank Check / SPAC,1.27B
JYAC,Jiya Acquisition,Blank Check / SPAC,136.40M
KAHC,KKR Acquisition Holdings I,Blank Check / SPAC,1.69B
KAII,Kismet Acquisition Two,Blank Check / SPAC,284.90M
KAIR,Kairos Acquisition,Blank Check / SPAC,337.76M
KCGI,Kensington Capital Acquisition V,Blank Check / SPAC,301.66M
KIII,Kismet Acquisition Three,Blank Check / SPAC,354.17M
KINZ,Kins Technology Group,Blank Check / SPAC,343.97M
KLAQ,KL Acquisition,Blank Check / SPAC,351.11M
KRNL,Kernel Group Holdings,Blank Check / SPAC,371.80M
KSI,Kadem Sustainable Impact,Blank Check / SPAC,212.63M
KVSA,Khosla Ventures Acquisition,Blank Check / SPAC,404.09M
KVSB,Khosla Ventures Acquisition II,Blank Check / SPAC,485.31M
KVSC,Khosla Ventures Acquisition III,Blank Check / SPAC,670.11M
KWAC,Kingswood Acquisition,Blank Check / SPAC,146.53M
LAAA,Lakeshore Acquisition I,Blank Check / SPAC,69.61M
LCA,Landcadia Holdings IV,Blank Check / SPAC,613.13M
LCAA,L Catterton Asia Acquisition,Blank Check / SPAC,349.90M
LCAP,Lionheart Acquisition II,Blank Check / SPAC,293.12M
LDHA,LDH Growth I,Blank Check / SPAC,282.61M
LEGA,Lead Edge Growth Opportunities,Blank Check / SPAC,291.57M
LFG,Archaea Energy,Blank Check / SPAC,564.41M
LFTR,Lefteris Acquisition,Blank Check / SPAC,254.47M
LGAC,Lazard Growth Acquisition I,Blank Check / SPAC,702.22M
LGV,Longview Acquisition II,Blank Check / SPAC,858.19M
LHAA,Lerer Hippeau Acquisition,Blank Check / SPAC,287.95M
LIII,Leo Holdings III,Blank Check / SPAC,343.41M
LJAQ,LightJump Acquisition,Blank Check / SPAC,171.27M
LMACA,Liberty Media Acquisition,Blank Check / SPAC,733.12M
LMAO,LMF Acquisition Opportunities,Blank Check / SPAC,130.15M
LNFA,L&F Acquisition,Blank Check / SPAC,216.38M
LOKM,Live Oak Mobility Acquisition,Blank Check / SPAC,309.92M
LUXA,Lux Health Tech Acquisition,Blank Check / SPAC,426.08M
LVRA,Levere Holdings,Blank Check / SPAC,330.41M
MACA,Moringa Acquisition,Blank Check / SPAC,261.37M
MACC,Mission Advancement,Blank Check / SPAC,420.47M
MACQ,MCAP Acquisition,Blank Check / SPAC,392.15M
MACU,Mallard Acquisition,Blank Check / SPAC,136.95M
MAQC,Maquia Capital Acquisition,Blank Check / SPAC,224.39M
MBAC,M3-Brigade Acquisition II,Blank Check / SPAC,498.00M
MBTC,Nocturne Acquisition,Blank Check / SPAC,148.40M
MCAE,Mountain Crest Acquisition III,Blank Check / SPAC,69.88M
MCAF,Mountain Crest Acquisition IV,Blank Check / SPAC,74.89M
MDH,MDH Acquisition,Blank Check / SPAC,341.21M
MEAC,Mercury Ecommerce Acquisition,Blank Check / SPAC,215.25M
MEKA,MELI Kaszek Pioneer,Blank Check / SPAC,381.97M
MEOA,Minority Equality Opportunities Acquisition,Blank Check / SPAC,135.71M
MIT,Mason Industrial Technology,Blank Check / SPAC,610.00M
MITA,Coliseum Acquisition,Blank Check / SPAC,189.46M
MLAC,Malacca Straits Acquisition,Blank Check / SPAC,178.97M
MON,Monument Circle Acquisition,Blank Check / SPAC,305.00M
MOTN,Motion Acquisition,Blank Check / SPAC,146.48M
MOTV,Motive Capital,Blank Check / SPAC,513.88M
MPAC,Model Performance Acquisition,Blank Check / SPAC,72.38M
MSAC,Medicus Sciences Acquisition,Blank Check / SPAC,113.13M
MSDA,MSD Acquisition,Blank Check / SPAC,711.56M
MTAC,MedTech Acquisition,Blank Check / SPAC,310.00M
MTAL,Metals Acquisition,Blank Check / SPAC,305.00M
MUDS,Mudrick Capital Acquisition II,Blank Check / SPAC,393.73M
NAAC,North Atlantic Acquisition,Blank Check / SPAC,463.94M
NBST,Newbury Street Acquisition,Blank Check / SPAC,161.79M
NDAC,Nightdragon Acquisition,Blank Check / SPAC,431.88M
NGAB,Northern Genesis Acquisition II,Blank Check / SPAC,516.98M
NGC,Northern Genesis Acquisition III,Blank Check / SPAC,211.68M
NGCA,NextGen Acquisition II,Blank Check / SPAC,481.59M
NLIT,Northern Lights Acquisition,Blank Check / SPAC,150.22M
NN,NextNav,Blank Check / SPAC,271.50M
NOAC,Natural Order Acquisition,Blank Check / SPAC,282.04M
NOVV,Nova Vision Acquisition,Blank Check / SPAC,74.50M
NRAC,Noble Rock Acquisition,Blank Check / SPAC,294.93M
NSTC,Northern Star Investment III,Blank Check / SPAC,488.50M
NSTD,Northern Star Investment IV,Blank Check / SPAC,489.00M
NVSA,New Vista Acquisition,Blank Check / SPAC,336.72M
NVTS,Navitas Semiconductor,Blank Check / SPAC,248.26M
NXU,Novus Capital II,Blank Check / SPAC,359.02M
OACB,Oaktree Acquisition II,Blank Check / SPAC,309.37M
OCA,Omnichannel Acquisition,Blank Check / SPAC,256.83M
OCAX,OCA Acquisition,Blank Check / SPAC,185.38M
OEPW,One Equity Partners Open Water I,Blank Check / SPAC,420.90M
OHPA,Orion Acquisition,Blank Check / SPAC,505.60M
OMEG,Omega Alpha SPAC,Blank Check / SPAC,173.43M
OPA,Magnum Opus Acquisition,Blank Check / SPAC,249.00M
ORIA,Orion Biotech Opportunities,Blank Check / SPAC,250.00M
OSI,Osiris Acquisition,Blank Check / SPAC,280.89M
OSTR,Oyster Enterprises Acquisition,Blank Check / SPAC,280.60M
OTEC,OceanTech Acquisitions I,Blank Check / SPAC,103.98M
OTRA,OTR Acquisition,Blank Check / SPAC,133.74M
OXAC,Oxbridge Acquisition,Blank Check / SPAC,144.03M
OXUS,Oxus Acquisition,Blank Check / SPAC,216.14M
PACX,Pioneer Merger,Blank Check / SPAC,502.12M
PAFO,Pacifico Acquisition,Blank Check / SPAC,74.20M
PAIC,Petra Acquisition,Blank Check / SPAC,66.32M
PANA,Panacea Acquisition II,Blank Check / SPAC,263.74M
PAQC,Provident Acquisition,Blank Check / SPAC,281.18M
PCPC,Periphas Capital Partnering,Blank Check / SPAC,433.19M
PDOT,Peridot Acquisition II,Blank Check / SPAC,500.36M
PFDR,Pathfinder Acquisition,Blank Check / SPAC,403.41M
PFTA,Portage Fintech Acquisition,Blank Check / SPAC,282.46M
PGRW,Progress Acquisition,Blank Check / SPAC,213.22M
PHIC,Population Health Investment,Blank Check / SPAC,211.96M
PIAI,Prime Impact Acquisition I,Blank Check / SPAC,355.84M
PICC,Pivotal Investment III,Blank Check / SPAC,338.10M
PIPP,Pine Island Acquisition,Blank Check / SPAC,267.25M
PLMI,Plum Acquisition I,Blank Check / SPAC,387.45M
PMGM,Priveterra Acquisition,Blank Check / SPAC,387.53M
PMVC,PMV Consumer Acquisition,Blank Check / SPAC,215.25M
PNTM,Pontem,Blank Check / SPAC,842.66M
POND,Angel Pond Holdings,Blank Check / SPAC,323.60M
PONO,Pono Capital,Blank Check / SPAC,143.03M
POW,Powered Brands,Blank Check / SPAC,337.07M
PPGH,Poema Global,Blank Check / SPAC,428.23M
PPHP,PHP Ventures Acquisition,Blank Check / SPAC,71.16M
PRBM,Parabellum Acquisition,Blank Check / SPAC,153.13M
PRPC,CC Neuberger Principal Holdings III,Blank Check / SPAC,543.72M
PRSR,Prospector Capital,Blank Check / SPAC,396.50M
PSAG,Property Solutions Acquisition II,Blank Check / SPAC,396.43M
PSPC,Post Holdings Partnering,Blank Check / SPAC,430.21M
PTIC,Proptech Investment II,Blank Check / SPAC,281.75M
PTOC,Pine Technology Acquisition,Blank Check / SPAC,418.74M
PUCK,Goal Acquisitions,Blank Check / SPAC,323.32M
PV,Primavera Capital Acquisition,Blank Check / SPAC,525.14M
QFTA,Quantum FinTech Acquisition,Blank Check / SPAC,247.79M
RACB,Research Alliance II,Blank Check / SPAC,189.37M
RAM,Aries I Acquisition,Blank Check / SPAC,179.51M
RBAC,Redball Acquisition,Blank Check / SPAC,725.94M
RCHG,Recharge Acquisition,Blank Check / SPAC,247.99M
RCLF,Rosecliff Acquisition I,Blank Check / SPAC,307.40M
RDBX,Redbox Entertainment,Blank Check / SPAC,608.36M
REVE,Alpine Acquisition,Blank Check / SPAC,127.89M
REVH,Revolution Healthcare Acquisition,Blank Check / SPAC,565.37M
RICO,Agrico Acquisition,Blank Check / SPAC,157.82M
RKTA,Rocket Internet Growth Opportunities,Blank Check / SPAC,326.41M
RMGC,RMG Acquisition III,Blank Check / SPAC,589.26M
ROCG,Roth CH Acquisition IV,Blank Check / SPAC,127.95M
ROCR,Roth CH Acquisition III,Blank Check / SPAC,147.24M
RONI,Rice Acquisition II,Blank Check / SPAC,342.61M
ROSS,Ross Acquisition II,Blank Check / SPAC,422.63M
RTPY,Reinvent Technology Partners Y,Blank Check / SPAC,1.22B
RVAC,Riverview Acquisition,Blank Check / SPAC,312.70M
RXRA,RXR Acquisition,Blank Check / SPAC,421.76M
SABS,SAB Biotherapeutics,Blank Check / SPAC,124.70M
SBEA,SilverBox Engaged Merger I,Blank Check / SPAC,423.49M
SBII,Sandbridge X2,Blank Check / SPAC,290.92M
SCAQ,Stratim Cloud Acquisition,Blank Check / SPAC,304.69M
SCLE,Broadscale Acquisition,Blank Check / SPAC,420.47M
SCOA,ScION Tech Growth I,Blank Check / SPAC,703.66M
SCOB,ScION Tech Growth II,Blank Check / SPAC,420.47M
SDAC,Sustainable Development Acquisition I,Blank Check / SPAC,387.01M
SEAH,Sports Entertainment Acquisition,Blank Check / SPAC,630.00M
SHAC,SCP & CO Healthcare Acquisition,Blank Check / SPAC,280.60M
SHQA,Shelter Acquisition I,Blank Check / SPAC,244.50M
SKYA,Skydeck Acquisition,Blank Check / SPAC,270.70M
SLAC,Social Leverage Acquisition I,Blank Check / SPAC,421.76M
SLAM,Slam Corp.,Blank Check / SPAC,703.66M
SLCR,Silver Crest Acquisition,Blank Check / SPAC,427.37M
SMIH,Summit Healthcare Acquisition,Blank Check / SPAC,249.52M
SNII,Supernova Partners Acquisition II,Blank Check / SPAC,453.68M
SNRH,Senior Connect Acquisition I,Blank Check / SPAC,506.11M
SPAQ,Spartan Acquisition III,Blank Check / SPAC,687.93M
SPGS,Simon Property Group Acquisition,Blank Check / SPAC,421.76M
SPK,SPK Acquisition,Blank Check / SPAC,77.90M
SPKB,Silver Spike Acquisition II,Blank Check / SPAC,350.39M
SPTK,SportsTek Acquisition,Blank Check / SPAC,210.45M
SRSA,Sarissa Capital Acquisition,Blank Check / SPAC,246.25M
SRZN,Surrozen,Blank Check / SPAC,267.61M
SSAA,Science Strategic Acquisition Alpha,Blank Check / SPAC,379.97M
STRE,Supernova Partners Acquisition III,Blank Check / SPAC,344.62M
SV,Spring Valley Acquisition,Blank Check / SPAC,286.64M
SVFA,SVF Investment,Blank Check / SPAC,761.48M
SVFB,SVF Investment 2,Blank Check / SPAC,296.58M
SVFC,SVF Investment 3,Blank Check / SPAC,412.45M
SVOK,Seven Oaks Acquisition,Blank Check / SPAC,322.63M
SWAG,Software Acquisition Group III,Blank Check / SPAC,247.00M
SWBK,Switchback II,Blank Check / SPAC,395.31M
SWET,Athlon Acquisition,Blank Check / SPAC,337.19M
SWSS,Springwater Special Situations,Blank Check / SPAC,193.55M
TACA,Trepont Acquisition I,Blank Check / SPAC,286.64M
TBCP,Thunder Bridge Capital Partners III,Blank Check / SPAC,517.51M
TBSA,TB SA Acquisition,Blank Check / SPAC,243.75M
TCAC,Tuatara Capital Acquisition,Blank Check / SPAC,243.50M
TCVA,TCV Acquisition,Blank Check / SPAC,503.85M
TDAC,Trident Acquisitions,Blank Check / SPAC,181.19M
TEKK,Tekkorp Digital Acquisition,Blank Check / SPAC,307.19M
TETC,Tech & Energy Transition,Blank Check / SPAC,469.22M
THCP,Thunder Bridge Capital Partners IV,Blank Check / SPAC,280.31M
THMA,Thimble Point Acquisition,Blank Check / SPAC,344.31M
TINV,Tiga Acquisition,Blank Check / SPAC,349.83M
TIOA,Tio Tech A,Blank Check / SPAC,420.04M
TLGA,TLG Acquisition One,Blank Check / SPAC,486.50M
TMAC,Music Acquisition,Blank Check / SPAC,280.59M
TMKR,Tastemaker Acquisition,Blank Check / SPAC,339.48M
TMPM,Turmeric Acquisition,Blank Check / SPAC,123.69M
TPGS,TPG Pace Solutions,Blank Check / SPAC,396.23M
TRCA,Twin Ridge Capital Acquisition,Blank Check / SPAC,259.18M
TREB,Trebia Acquisition,Blank Check / SPAC,643.64M
TRON,Corner Growth Acquisition 2,Blank Check / SPAC,228.71M
TRTL,TortoiseEcofin Acquisition III,Blank Check / SPAC,364.88M
TSIB,Tishman Speyer Innovation II,Blank Check / SPAC,366.75M
TSPQ,TCW Special Purpose Acquisition,Blank Check / SPAC,566.00M
TUGC,TradeUP Global,Blank Check / SPAC,57.83M
TVAC,Thayer Ventures Acquisition,Blank Check / SPAC,218.86M
TWCB,Bilander Acquisition,Blank Check / SPAC,195.60M
TWLV,Twelve Seas Investment II,Blank Check / SPAC,430.50M
TWND,Tailwind Acquisition,Blank Check / SPAC,411.50M
TWNI,Tailwind International Acquisition,Blank Check / SPAC,420.90M
TWNT,Tailwind Two Acquisition,Blank Check / SPAC,428.66M
TWOA,two,Blank Check / SPAC,267.95M
TZPS,TZP Strategies Acquisition,Blank Check / SPAC,350.75M
UPTD,TradeUP Acquisition,Blank Check / SPAC,52.53M
VAQC,Vector Acquisition II,Blank Check / SPAC,560.60M
VCKA,Vickers Vantage I,Blank Check / SPAC,230.69M
VCXA,10x Capital Venture Acquisition II,Blank Check / SPAC,276.99M
VELO,Velocity Acquisition,Blank Check / SPAC,284.91M
VENA,Venus Acquisition,Blank Check / SPAC,60.98M
VGII,Virgin Group Acquisition II,Blank Check / SPAC,494.09M
VHAQ,Viveon Health Acquisition,Blank Check / SPAC,226.23M
VII,7GC & Co. Holdings,Blank Check / SPAC,281.18M
VLAT,Valor Latitude Acquisition,Blank Check / SPAC,282.90M
VMAC,Vistas Media Acquisition,Blank Check / SPAC,129.78M
VOSO,Virtuoso Acquisition,Blank Check / SPAC,287.79M
VPCB,VPC Impact Acquisition II,Blank Check / SPAC,318.77M
VPCC,VPC Impact Acquisition III,Blank Check / SPAC,317.52M
VTAQ,Ventoux CCM Acquisition,Blank Check / SPAC,215.62M
VTIQ,VectoIQ Acquisition II,Blank Check / SPAC,346.21M
VYGG,Vy Global Growth,Blank Check / SPAC,642.40M
WALD,Waldencast Acquisition,Blank Check / SPAC,419.61M
WARR,Warrior Technologies Acquisition,Blank Check / SPAC,284.78M
WAVC,Waverley Capital Acquisition 1,Blank Check / SPAC,241.25M
WPCA,Warburg Pincus Capital I-A,Blank Check / SPAC,348.96M
WPCB,Warburg Pincus Capital I-B,Blank Check / SPAC,670.85M
WQGA,World Quantum Growth Acquisition,Blank Check / SPAC,246.00M
WRAC,Williams Rowland Acquisition,Blank Check / SPAC,247.75M
XPAX,XPAC Acquisition,Blank Check / SPAC,241.75M
XPDI,Power & Digital Infrastructure Acquisition,Blank Check / SPAC,565.37M
XPOA,DPCM Capital,Blank Check / SPAC,368.25M
YAC,Yucaipa Acquisition,Blank Check / SPAC,429.96M
YSAC,Yellowstone Acquisition,Blank Check / SPAC,172.54M
YTPG,TPG Pace Beneficial II,Blank Check / SPAC,525.33M
ZNTE,Zanite Acquisition,Blank Check / SPAC,292.10M
ZT,Zimmer Energy Transition Acquisition,Blank Check / SPAC,420.04M
ZWRK,Z-Work Acquisition,Blank Check / SPAC,280.89M
CURI,CuriosityStream,Broadcasting,527.00M
GSMG,Glory Star New Media Group Holdings,Broadcasting,136.45M
GTN.A,Gray Television,Broadcasting,2.24B
MDIA,Mediaco Holding,Broadcasting,75.05M
SJ,Scienjoy Holding,Broadcasting,189.69M
AAON,"AAON, Inc.",Building Products,3.80B
AFI,Armstrong Flooring,Building Products,61.59M
ALLE,Allegion,Building Products,11.65B
AMWD,American Woodmark,Building Products,1.17B
AOS,A. O. Smith,Building Products,11.89B
APOG,Apogee Enterprises,Building Products,1.15B
APT,Alpha Pro Tech,Building Products,81.15M
AUVI,Applied UV,Building Products,55.53M
AWI,Armstrong World Industries,Building Products,5.14B
AZEK,AZEK Company,Building Products,5.78B
BLDR,Builders FirstSource,Building Products,12.13B
CARR,Carrier Global,Building Products,45.21B
CNR,Cornerstone Building Brands,Building Products,1.88B
CSTE,Caesarstone,Building Products,439.49M
CSWI,CSW Industrials,Building Products,2.25B
DOOR,Masonite International,Building Products,2.95B
DRTT,DIRTT Environmental Solutions,Building Products,271.54M
FBHS,Fortune Brands,Building Products,13.95B
GFF,Griffon Corporation,Building Products,1.53B
IIIN,Insteel Industries,Building Products,807.96M
JCI,Johnson Controls,Building Products,52.41B
JCTCF,Jewett-Cameron Trading,Building Products,36.96M
JELD,JELD-WEN Holding,Building Products,2.52B
LII,Lennox International,Building Products,11.09B
MAS,Masco,Building Products,15.78B
NX,Quanex Building Products,Building Products,720.72M
OC,Owens Corning,Building Products,9.46B
PATK,Patrick Industries,Building Products,1.90B
PGTI,PGT Innovations,Building Products,1.31B
REZI,Resideo Technologies,Building Products,3.77B
ROCK,Gibraltar Industries,Building Products,2.19B
SSD,Simpson Manufacturing,Building Products,4.81B
TREX,Trex Company,Building Products,12.64B
TT,Trane Technologies,Building Products,43.09B
UFPI,Universal Forest Products,Building Products,5.12B
WMS,Advanced Drainage Systems,Building Products,8.00B
AEHL,Antelope Enterprise Holdings,Building Products & Equipment,18.55M
JBI,Janus International Group,Building Products & Equipment,1.96B
SWIM,Latham Group,Building Products & Equipment,1.89B
VIEW,View,Building Products & Equipment,1.15B
AB,AllianceBernstein,Capital Markets,5.64B
AC,Associated Capital Group,Capital Markets,1.51B
AGMH,AGM Group Holdings,Capital Markets,243.46M
AINC,Ashford,Capital Markets,50.56M
AINV,Apollo Investment,Capital Markets,864.77M
AMG,Affiliated Managers Group,Capital Markets,7.66B
AMK,AssetMark Financial,Capital Markets,1.91B
AMP,Ameriprise Financial,Capital Markets,34.37B
APAM,Artisan Partners Asset Management,Capital Markets,3.91B
APO,Apollo Global Management,Capital Markets,33.04B
ARBK,Argo Blockchain,Capital Markets,832.34M
ARCC,Ares Capital,Capital Markets,9.91B
ARES,Ares Management,Capital Markets,13.73B
ASA,ASA Gold And Precious Metals,Capital Markets,401.42M
BAM,Brookfield Asset Management,Capital Markets,94.72B
BANX,StoneCastle Financial,Capital Markets,160.07M
BBDC,Barings BDC,Capital Markets,733.50M
BCOR,Blucora,Capital Markets,818.65M
BCSF,Bain Capital,Capital Markets,1.01B
BEN,Franklin Resources,Capital Markets,17.68B
BGCP,BGC Partners,Capital Markets,2.13B
BITF,Bitfarms,Capital Markets,921.77M
BK,Bank of New York Mellon,Capital Markets,49.57B
BKCC,BlackRock Capital Investment,Capital Markets,321.60M
BLK,BlackRock,Capital Markets,142.30B
BSIG,BrightSphere Investment Group,Capital Markets,2.37B
BTCS,BTCS,Capital Markets,67.99M
BX,Blackstone Group,Capital Markets,96.39B
CBOE,Cboe Global Markets,Capital Markets,14.28B
CG,The Carlyle Group,Capital Markets,19.79B
CGBD,"TCG BDC, Inc.",Capital Markets,759.59M
CIFR,Cipher Mining,Capital Markets,2.43B
CME,CME Group,Capital Markets,78.41B
CNS,Cohen & Steers,Capital Markets,4.64B
COHN,Cohen & Company,Capital Markets,34.73M
COWN,Cowen Inc.,Capital Markets,1.11B
CS,Credit Suisse Group,Capital Markets,26.97B
CSWC,Capital Southwest,Capital Markets,572.32M
DB,Deutsche Bank,Capital Markets,27.73B
DFIN,Donnelley Financial Solutions,Capital Markets,1.34B
DHIL,Diamond Hill Investment Group,Capital Markets,704.12M
EQOS,Diginex,Capital Markets,235.46M
EQS,Equus Total Return,Capital Markets,31.63M
EVR,Evercore,Capital Markets,6.13B
FDS,FactSet Research Systems,Capital Markets,16.43B
FDUS,Fidus Investment,Capital Markets,430.83M
FOCS,Focus Financial Partners,Capital Markets,3.83B
FRHC,Freedom Holding,Capital Markets,4.00B
FSK,FS KKR Capital,Capital Markets,6.15B
FUTU,Futu Holdings,Capital Markets,8.55B
GAIN,Gladstone Investment,Capital Markets,528.29M
GBDC,Golub Capital BDC,Capital Markets,2.67B
GBL,GAMCO Investors,Capital Markets,722.96M
GECC,Great Elm Capital,Capital Markets,94.36M
GEG,Great Elm Group,Capital Markets,52.91M
GHL,Greenhill & Co.,Capital Markets,302.54M
GLAD,Gladstone Capital,Capital Markets,398.96M
GREE,Greenidge Generation Holdings,Capital Markets,1.02B
GRNQ,Greenpro Capital,Capital Markets,81.21M
GROW,U.S. Global Investors,Capital Markets,94.35M
GS,Goldman Sachs,Capital Markets,139.51B
GSBD,Goldman Sachs BDC,Capital Markets,1.93B
HGBL,Heritage Global,Capital Markets,68.59M
HIVE,HIVE Blockchain Technologies,Capital Markets,1.46B
HKIB,AMTD International,Capital Markets,960.34M
HLI,Houlihan Lokey,Capital Markets,7.94B
HLNE,Hamilton Lane,Capital Markets,3.99B
HNNA,Hennessy Advisors,Capital Markets,84.86M
HRZN,Horizon Technology Finance,Capital Markets,355.64M
HTGC,Hercules Capital,Capital Markets,2.09B
HUSN,Hudson Capital,Capital Markets,16.18M
HUT,Hut 8 Mining,Capital Markets,2.32B
IBKR,Interactive Brokers,Capital Markets,31.01B
ICE,Intercontinental Exchange,Capital Markets,77.26B
ICMB,Investcorp Credit Management BDC,Capital Markets,77.81M
IVZ,Invesco,Capital Markets,12.24B
JHG,Janus Henderson Group,Capital Markets,8.10B
JMP,JMP Group,Capital Markets,149.49M
JP,Jupai Holdings,Capital Markets,38.21M
JRJC,China Finance Online,Capital Markets,15.31M
KKR,KKR & Co.,Capital Markets,45.27B
LAZ,Lazard,Capital Markets,5.04B
LPLA,LPL Financial Holdings,Capital Markets,13.36B
LPRO,Open Lending Corp.,Capital Markets,4.09B
MAIN,Main Street Capital,Capital Markets,2.98B
MC,Moelis & Company,Capital Markets,5.27B
MCO,Moody's,Capital Markets,73.44B
MKTX,MarketAxess Holdings,Capital Markets,15.54B
MN,Manning & Napier,Capital Markets,169.70M
MORN,Morningstar,Capital Markets,13.60B
MRCC,Monroe Capital,Capital Markets,223.19M
MS,Morgan Stanley,Capital Markets,187.10B
MSCI,MSCI Inc.,Capital Markets,54.18B
NDAQ,Nasdaq,Capital Markets,35.10B
NEWT,Newtek Business Services,Capital Markets,680.03M
NMFC,New Mountain Finance,Capital Markets,1.36B
NMR,Nomura Holdings,Capital Markets,14.53B
NOAH,Noah Holdings,Capital Markets,2.81B
NTRS,Northern Trust,Capital Markets,25.69B
OCSL,Oaktree Specialty Lending,Capital Markets,1.34B
OFS,OFS Capital,Capital Markets,147.57M
OPY,Oppenheimer Holdings,Capital Markets,668.77M
ORCC,Owl Rock Capital,Capital Markets,5.70B
OXSQ,Oxford Square Capital,Capital Markets,210.54M
PFLT,PennantPark Floating Rate Capital,Capital Markets,519.16M
PFX,PhenixFIN,Capital Markets,113.14M
PHCF,Puhui Wealth Investment Management,Capital Markets,23.94M
PIPR,Piper Sandler,Capital Markets,3.10B
PJT,PJT Partners,Capital Markets,2.03B
PNNT,PennantPark Investment,Capital Markets,453.22M
PSEC,Prospect Capital,Capital Markets,3.19B
PTMN,Portman Ridge Finance,Capital Markets,224.24M
PUYI,Puyi Inc.,Capital Markets,383.00M
PWP,Perella Weinberg Partners,Capital Markets,602.08M
PX,P10,Capital Markets,1.42B
PZN,Pzena Investment Management,Capital Markets,801.59M
RAND,Rand Capital,Capital Markets,39.44M
RILY,B. Riley Financial,Capital Markets,2.05B
RJF,Raymond James Financial,Capital Markets,20.50B
SAMG,Silvercrest Asset Management,Capital Markets,240.33M
SAR,Saratoga Investment,Capital Markets,330.26M
SCHW,Charles Schwab,Capital Markets,154.57B
SCM,Stellus Capital Investment,Capital Markets,274.95M
SCU,Sculptor Capital Management,Capital Markets,679.33M
SEIC,SEI Investments,Capital Markets,8.98B
SF,Stifel Financial,Capital Markets,7.77B
SFE,Safeguard Scientifics,Capital Markets,175.79M
SIEB,Siebert Financial,Capital Markets,105.43M
SII,Sprott,Capital Markets,1.02B
SLRC,SLR Investment,Capital Markets,821.97M
SNEX,StoneX Group,Capital Markets,1.39B
SPGI,S&P Global,Capital Markets,111.63B
SRL,Scully Royalty,Capital Markets,151.70M
SSSS,SuRo Capital,Capital Markets,425.67M
STT,State Street,Capital Markets,36.32B
SUNS,Solar Senior Capital,Capital Markets,250.36M
TCPC,Blackrock TCP Capital,Capital Markets,824.92M
TIGR,UP Fintech Holding,Capital Markets,1.18B
TPVG,TriplePoint Venture Growth BDC,Capital Markets,548.43M
TROW,T. Rowe Price Group,Capital Markets,48.51B
TSLX,TPG Specialty Lending,Capital Markets,1.73B
TURN,180 Degree Capital,Capital Markets,74.16M
TW,Tradeweb Markets,Capital Markets,20.87B
UBS,UBS Group,Capital Markets,64.17B
VALU,Value Line,Capital Markets,330.10M
VCTR,Victory Capital Holdings,Capital Markets,2.58B
VIRT,Virtu Financial,Capital Markets,2.90B
VRTS,Virtus Investment Partners,Capital Markets,2.47B
WETF,WisdomTree Investments,Capital Markets,951.89M
WHF,WhiteHorse Finance,Capital Markets,348.25M
WHG,Westwood Holdings Group,Capital Markets,146.75M
XP,XP Inc.,Capital Markets,19.06B
ADES,Advanced Emissions Solutions,Chemicals,129.90M
AGFS,AgroFresh Solutions,Chemicals,106.90M
ALB,Albemarle,Chemicals,29.92B
AMRS,Amyris,Chemicals,4.50B
APD,Air Products & Chemicals,Chemicals,65.96B
ASH,Ashland,Chemicals,5.85B
ASIX,AdvanSix,Chemicals,1.36B
AVD,American Vanguard,Chemicals,483.24M
AVNT,Avient,Chemicals,5.05B
AXTA,Axalta Coating Systems,Chemicals,7.11B
BAK,Braskem,Chemicals,7.55B
BCPC,Balchem Corporation,Chemicals,4.92B
CBT,Cabot Corporation,Chemicals,3.09B
CC,Chemours Company,Chemicals,4.74B
CCF,Chase Corporation,Chemicals,945.16M
CE,Celanese,Chemicals,17.58B
CF,CF Industries,Chemicals,12.39B
CGA,China Green Agriculture,Chemicals,101.47M
CINR,Ciner Resources,Chemicals,367.90M
CMT,Core Molding Technologies,Chemicals,95.28M
CTVA,Corteva,Chemicals,31.58B
DD,DuPont,Chemicals,37.26B
DOW,Dow Inc,Chemicals,42.48B
ECL,Ecolab,Chemicals,63.66B
EMN,Eastman Chemical,Chemicals,14.32B
ESI,Element Solutions,Chemicals,5.65B
FF,FutureFuel,Chemicals,332.60M
FFHL,Fuwei Films,Chemicals,30.70M
FMC,FMC Corporation,Chemicals,12.03B
FOE,Ferro Corporation,Chemicals,1.75B
FSI,Flexible Solutions International,Chemicals,44.87M
FTK,Flotek Industries,Chemicals,88.92M
FUL,H.B. Fuller,Chemicals,3.80B
GCP,GCP Applied Technologies,Chemicals,1.69B
GURE,Gulf Resources,Chemicals,57.79M
HUN,Huntsman,Chemicals,7.44B
HWKN,Hawkins,Chemicals,768.92M
ICL,ICL Group,Chemicals,11.40B
IFF,International Flavors & Fragrances,Chemicals,36.67B
IKNX,Ikonics,Chemicals,55.46M
IOSP,Innospec,Chemicals,2.24B
IPI,Intrepid Potash,Chemicals,690.06M
KOP,Koppers Holdings,Chemicals,763.52M
KRA,Kraton,Chemicals,1.46B
KRO,Kronos Worldwide,Chemicals,1.54B
KWR,Quaker Chemical,Chemicals,4.53B
LIN,Linde,Chemicals,166.79B
LOOP,Loop Industries,Chemicals,782.86M
LTHM,Livent,Chemicals,4.71B
LWLG,Lightwave Logic,Chemicals,1.17B
LXU,LSB Industries,Chemicals,853.61M
LYB,LyondellBasell Industries,Chemicals,32.05B
MBII,Marrone Bio Innovations,Chemicals,156.66M
MEOH,Methanex,Chemicals,3.53B
MKD,Molecular Data,Chemicals,68.28M
MOS,Mosaic Company,Chemicals,15.75B
MTX,Minerals Technologies,Chemicals,2.44B
NEU,NewMarket Corporation,Chemicals,3.57B
NGVT,Ingevity,Chemicals,3.08B
NTIC,Northern Technologies International,Chemicals,142.11M
NTR,Nutrien,Chemicals,40.91B
OEC,Orion Engineered Carbons,Chemicals,1.16B
OLN,Olin,Chemicals,9.41B
PPG,PPG Industries,Chemicals,37.75B
RPM,RPM International,Chemicals,11.38B
RYAM,Rayonier Advanced Materials,Chemicals,477.39M
SCL,Stepan Company,Chemicals,2.73B
SHI,Sinopec Shanghai Petrochemical,Chemicals,5.23B
SHW,Sherwin-Williams,Chemicals,81.30B
SMG,Scotts Miracle-Gro,Chemicals,8.25B
SQM,Sociedad Quimica y Minera de Chile,Chemicals,16.25B
SSL,Sasol,Chemicals,10.93B
SXT,Sensient Technologies,Chemicals,4.03B
TANH,Tantech Holdings,Chemicals,30.87M
TG,Tredegar,Chemicals,420.58M
TREC,Trecora Resources,Chemicals,187.11M
TROX,Tronox Holdings,Chemicals,3.74B
TSE,Trinseo,Chemicals,2.21B
UAN,CVR Partners,Chemicals,863.80M
VHI,"Valhi, Inc.",Chemicals,652.92M
VNTR,Venator Materials,Chemicals,319.93M
VVV,Valvoline,Chemicals,6.17B
WLK,Westlake Chemical,Chemicals,12.60B
WLKP,Westlake Chemical Partners LP,Chemicals,914.26M
ZY,Zymergen,Chemicals,1.14B
CCNC,Code Chain New Continent,Coking Coal,62.64M
ABM,ABM Industries,Commercial Services & Supplies,3.06B
ACCO,ACCO Brands,Commercial Services & Supplies,821.37M
ACU,Acme United,Commercial Services & Supplies,131.99M
ADT,ADT Inc.,Commercial Services & Supplies,7.26B
AQMS,Aqua Metals,Commercial Services & Supplies,127.11M
ARC,ARC Document Solutions,Commercial Services & Supplies,135.09M
ATTO,Atento,Commercial Services & Supplies,370.95M
AWX,Avalon Holdings,Commercial Services & Supplies,14.82M
AXR,AMREP Corporation,Commercial Services & Supplies,104.47M
AXU,Alexco Resource,Commercial Services & Supplies,262.58M
BCO,Brink's Company,Commercial Services & Supplies,3.40B
BHTG,BioHiTech Global,Commercial Services & Supplies,35.80M
BRC,Brady Corporation,Commercial Services & Supplies,2.77B
BV,BrightView Holdings,Commercial Services & Supplies,1.73B
CECE,CECO Environmental,Commercial Services & Supplies,256.12M
CHRA,Charah Solutions,Commercial Services & Supplies,154.68M
CIX,CompX International,Commercial Services & Supplies,278.51M
CLH,Clean Harbors,Commercial Services & Supplies,6.29B
CMPR,Cimpress,Commercial Services & Supplies,2.42B
CPRT,Copart,Commercial Services & Supplies,36.65B
CREG,China Recycling Energy,Commercial Services & Supplies,42.86M
CTAS,Cintas,Commercial Services & Supplies,44.54B
CVA,Covanta Holding,Commercial Services & Supplies,2.68B
CVEO,Civeo Corporation,Commercial Services & Supplies,323.62M
CWST,Casella Waste Systems,Commercial Services & Supplies,4.39B
DLX,Deluxe Corporation,Commercial Services & Supplies,1.59B
DSS,DSS,Commercial Services & Supplies,97.29M
EBF,"Ennis, Inc.",Commercial Services & Supplies,503.36M
ECOL,US Ecology,Commercial Services & Supplies,1.05B
FTEK,Fuel Tech,Commercial Services & Supplies,59.32M
HCCI,Heritage-Crystal Clean,Commercial Services & Supplies,857.48M
HCSG,Healthcare Services Group,Commercial Services & Supplies,1.46B
HDSN,Hudson Technologies,Commercial Services & Supplies,162.75M
HNI,HNI Corporation,Commercial Services & Supplies,1.69B
IAA,"IAA, Inc.",Commercial Services & Supplies,8.20B
JAN,JanOne,Commercial Services & Supplies,17.61M
KAR,KAR Auction Services,Commercial Services & Supplies,1.81B
KBAL,Kimball International,Commercial Services & Supplies,412.05M
MATW,Matthews International,Commercial Services & Supplies,1.14B
MGRC,McGrath RentCorp,Commercial Services & Supplies,1.79B
MLHR,Herman Miller,Commercial Services & Supplies,2.95B
MSA,MSA Safety,Commercial Services & Supplies,5.82B
NL,NL Industries,Commercial Services & Supplies,291.84M
OMEX,Odyssey Marine Exploration,Commercial Services & Supplies,86.36M
PBI,Pitney Bowes,Commercial Services & Supplies,1.30B
PESI,Perma-Fix Environmental Services,Commercial Services & Supplies,94.62M
PFMT,Performant Financial,Commercial Services & Supplies,207.48M
QRHC,Quest Resource Holding,Commercial Services & Supplies,107.35M
QUAD,Quad/Graphics,Commercial Services & Supplies,222.32M
RBA,Ritchie Bros. Auctioneers,Commercial Services & Supplies,7.56B
ROL,Rollins,Commercial Services & Supplies,16.83B
RRD,R.R. Donnelley & Sons,Commercial Services & Supplies,473.93M
RSG,Republic Services,Commercial Services & Supplies,42.23B
SCS,Steelcase,Commercial Services & Supplies,1.39B
SP,SP Plus,Commercial Services & Supplies,767.28M
SRCL,Stericycle,Commercial Services & Supplies,6.23B
TILE,Interface,Commercial Services & Supplies,883.46M
TISI,"Team, Inc.",Commercial Services & Supplies,80.55M
TOMZ,TOMI Environmental Solutions,Commercial Services & Supplies,25.39M
TTEK,Tetra Tech,Commercial Services & Supplies,9.50B
UNF,UniFirst,Commercial Services & Supplies,3.76B
VIRC,Virco Manufacturing,Commercial Services & Supplies,53.30M
VSEC,VSE Corporation,Commercial Services & Supplies,710.47M
VVI,Viad Corp,Commercial Services & Supplies,961.14M
VWTR,Vidler Water Resources,Commercial Services & Supplies,234.57M
WCN,Waste Connections,Commercial Services & Supplies,35.42B
WHLM,Wilhelmina International,Commercial Services & Supplies,29.09M
WM,Waste Management,Commercial Services & Supplies,66.63B
AMPG,AmpliTech Group,Communication Equipment,36.63M
MINM,Minim,Communication Equipment,79.75M
ONDS,Ondas Holdings,Communication Equipment,352.07M
OSAT,Orbsat,Communication Equipment,32.55M
AAOI,Applied Optoelectronics,Communications Equipment,207.90M
ADCT,ADC Therapeutics SA,Communications Equipment,2.47B
ADTN,"ADTRAN, Inc.",Communications Equipment,925.59M
ANET,Arista Networks,Communications Equipment,31.34B
AUDC,AudioCodes,Communications Equipment,1.16B
AVNW,Aviat Networks,Communications Equipment,334.83M
BDR,Blonder Tongue Laboratories,Communications Equipment,13.51M
BKTI,BK Technologies,Communications Equipment,48.85M
BOSC,BOS Better Online Solutions,Communications Equipment,17.45M
CALX,"Calix, Inc.",Communications Equipment,4.18B
CAMP,CalAmp,Communications Equipment,351.64M
CASA,Casa Systems,Communications Equipment,560.21M
CIEN,Ciena Corporation,Communications Equipment,8.56B
CLFD,Clearfield,Communications Equipment,803.52M
CLRO,ClearOne,Communications Equipment,35.17M
CMBM,Cambium Networks,Communications Equipment,791.03M
CMTL,Comtech Telecommunications,Communications Equipment,716.35M
COMM,CommScope,Communications Equipment,2.29B
CRNT,Ceragon Networks,Communications Equipment,274.65M
CSCO,Cisco Systems,Communications Equipment,236.61B
DGII,Digi International,Communications Equipment,764.43M
DZSI,"DZS, Inc",Communications Equipment,303.26M
EMKR,EMCORE Corporation,Communications Equipment,277.00M
ERIC,Ericsson,Communications Equipment,36.52B
EXTR,Extreme Networks,Communications Equipment,1.34B
FFIV,F5 Networks,Communications Equipment,13.05B
FKWL,Franklin Wireless,Communications Equipment,63.28M
GILT,Gilat Satellite Networks,Communications Equipment,479.78M
HLIT,Harmonic,Communications Equipment,949.85M
IDCC,InterDigital,Communications Equipment,2.11B
INFN,Infinera,Communications Equipment,1.63B
INSG,Inseego,Communications Equipment,680.74M
ITRN,Ituran Location & Control,Communications Equipment,543.64M
JCS,Communications Systems,Communications Equipment,37.41M
JNPR,Juniper Networks,Communications Equipment,9.85B
KVHI,KVH Industries,Communications Equipment,194.87M
LITE,Lumentum Holdings,Communications Equipment,6.13B
LTRX,Lantronix,Communications Equipment,286.60M
MSI,Motorola Solutions,Communications Equipment,41.49B
NOK,Nokia,Communications Equipment,32.51B
NTCT,NetScout Systems,Communications Equipment,2.10B
NTGR,Netgear,Communications Equipment,910.50M
NTIP,Network-1 Technologies,Communications Equipment,68.89M
OCC,Optical Cable Corporation,Communications Equipment,29.92M
PCTI,"PCTEL, Inc.",Communications Equipment,107.95M
POLY,Plantronics,Communications Equipment,1.22B
RBBN,Ribbon Communications,Communications Equipment,848.69M
RDCM,RADCOM Ltd.,Communications Equipment,167.09M
RDWR,Radware,Communications Equipment,1.58B
RESN,Resonant,Communications Equipment,146.22M
SATS,EchoStar,Communications Equipment,2.23B
SILC,Silicom,Communications Equipment,288.27M
SWIR,Sierra Wireless,Communications Equipment,626.07M
SYTA,Siyata Mobile,Communications Equipment,18.71M
TESS,TESSCO Technologies,Communications Equipment,49.02M
UI,Ubiquiti,Communications Equipment,19.65B
UTSI,UTStarcom Holdings,Communications Equipment,44.14M
VIAV,Viavi Solutions,Communications Equipment,3.80B
VISL,Vislink Technologies,Communications Equipment,81.41M
VSAT,ViaSat,Communications Equipment,4.49B
CRCT,Cricut,Computer Hardware,6.26B
DM,Desktop Metal,Computer Hardware,2.26B
EBON,Ebang International,Computer Hardware,406.98M
IONQ,IonQ,Computer Hardware,3.01B
MKFG,Markforged,Computer Hardware,1.33B
QUBT,Quantum Computing,Computer Hardware,172.32M
STRC,Sarcos Technology & Robotics,Computer Hardware,946.22M
VLD,Velo3D,Computer Hardware,1.83B
ACA,Arcosa,Construction & Engineering,2.63B
ACM,Aecom,Construction & Engineering,9.99B
AGX,Argan,Construction & Engineering,664.05M
AMRC,Ameresco,Construction & Engineering,4.41B
APG,APi Group,Construction & Engineering,4.99B
BBCP,Concrete Pumping Holdings,Construction & Engineering,499.72M
BBU,Brookfield Business Partners,Construction & Engineering,3.78B
DY,Dycom Industries,Construction & Engineering,2.46B
EME,EMCOR Group,Construction & Engineering,6.57B
FIX,Comfort Systems USA,Construction & Engineering,3.34B
FLR,Fluor Corporation,Construction & Engineering,2.83B
GLDD,Great Lakes Dredge & Dock,Construction & Engineering,1.01B
GVA,Granite Construction,Construction & Engineering,1.73B
IEA,Infrastructure & Energy Alternatives,Construction & Engineering,500.53M
IESC,IES Holdings,Construction & Engineering,1.05B
J,Jacobs Engineering,Construction & Engineering,18.34B
LEN.B,Lennar,Construction & Engineering,30.57B
LMB,Limbach Holdings,Construction & Engineering,74.95M
MTZ,MasTec,Construction & Engineering,6.76B
MYRG,MYR Group,Construction & Engineering,1.78B
NVEE,NV5 Global,Construction & Engineering,1.62B
NWPX,Northwest Pipe Company,Construction & Engineering,243.80M
ORN,Orion Group Holdings,Construction & Engineering,135.70M
PRIM,Primoris Services,Construction & Engineering,1.48B
PWR,Quanta Services,Construction & Engineering,17.24B
ROAD,Construction Partners,Construction & Engineering,1.93B
SOL,ReneSola,Construction & Engineering,661.21M
STRL,Sterling Construction Company,Construction & Engineering,717.38M
TPC,Tutor Perini,Construction & Engineering,727.27M
VMI,Valmont Industries,Construction & Engineering,5.25B
WLMS,Williams Industrial Services,Construction & Engineering,115.32M
WSC,WillScot,Construction & Engineering,7.76B
CPAC,Cementos Pacasmayo,Construction Materials,566.26M
CRH,CRH Plc,Construction Materials,37.95B
CX,CEMEX SAB de CV,Construction Materials,9.32B
EXP,Eagle Materials,Construction Materials,6.32B
FRTA,Forterra,Construction Materials,1.59B
JHX,James Hardie Industries,Construction Materials,17.52B
LOMA,Loma Negra,Construction Materials,1.69B
MLM,Martin Marietta,Construction Materials,24.35B
RETO,ReTo Eco-Solutions,Construction Materials,33.44M
SMID,Smith-Midland,Construction Materials,105.55M
SUM,Summit Materials,Construction Materials,4.26B
TGLS,Tecnoglass,Construction Materials,1.42B
USLM,United States Lime & Minerals,Construction Materials,699.16M
VMC,Vulcan Materials,Construction Materials,24.96B
BWMN,Bowman Consulting Group,Consulting Services,190.49M
SDH,Global Internet of People,Consulting Services,52.74M
ATER,Aterian,Consumer Electronics,304.09M
UTME,UTime,Consumer Electronics,41.67M
AIHS,Senmiao Technology,Consumer Finance,39.20M
ALLY,Ally Financial,Consumer Finance,17.21B
ATLC,Atlanticus Holdings,Consumer Finance,1.36B
AXP,American Express,Consumer Finance,134.94B
CACC,Credit Acceptance,Consumer Finance,9.34B
COF,Capital One Financial,Consumer Finance,65.86B
CPSS,Consumer Portfolio Services,Consumer Finance,162.44M
CURO,CURO Group Holdings,Consumer Finance,757.75M
DFS,Discover Financial Services,Consumer Finance,33.60B
ECPG,Encore Capital Group,Consumer Finance,1.62B
ELVT,Elevate Credit,Consumer Finance,119.61M
ENVA,Enova International,Consumer Finance,1.27B
EZPW,"EZCORP, Inc.",Consumer Finance,426.59M
FCFS,FirstCash,Consumer Finance,3.55B
FINV,FinVolution Group,Consumer Finance,1.78B
GDOT,Green Dot,Consumer Finance,2.38B
HX,Hexindai Inc.,Consumer Finance,75.23M
JFIN,Jiayin Group,Consumer Finance,215.56M
JT,Jianpu Technology,Consumer Finance,31.35M
LC,LendingClub,Consumer Finance,4.75B
LU,Lufax Holding,Consumer Finance,16.45B
LX,LexinFintech Holdings,Consumer Finance,1.03B
LYL,Dragon Victory International,Consumer Finance,28.73M
MFIN,Medallion Financial,Consumer Finance,225.81M
MOGO,Mogo Inc.,Consumer Finance,436.95M
NAVI,Navient,Consumer Finance,3.27B
NICK,Nicholas Financial,Consumer Finance,91.17M
NNI,Nelnet,Consumer Finance,3.21B
OMF,OneMain Holdings,Consumer Finance,6.90B
OPRT,Oportun Financial,Consumer Finance,656.97M
PRAA,PRA Group,Consumer Finance,2.00B
PT,Pintec Technology,Consumer Finance,38.62M
QD,Qudian Inc.,Consumer Finance,435.31M
QFIN,360 Finance,Consumer Finance,3.32B
RM,Regional Management,Consumer Finance,535.77M
SC,Santander Consumer USA,Consumer Finance,12.76B
SLM,SLM Corporation,Consumer Finance,5.51B
SYF,Synchrony Financial,Consumer Finance,25.92B
UPST,Upstart Holdings,Consumer Finance,26.81B
WEI,Weidai,Consumer Finance,65.21M
WRLD,World Acceptance,Consumer Finance,1.25B
XYF,X Financial,Consumer Finance,259.57M
YRD,Yiren Digital,Consumer Finance,276.31M
AMCR,Amcor,Containers & Packaging,18.33B
ATR,AptarGroup,Containers & Packaging,8.26B
AVY,Avery Dennison,Containers & Packaging,18.17B
BERY,Berry Global Group,Containers & Packaging,9.00B
BLL,Ball Corporation,Containers & Packaging,30.34B
CCK,Crown Holdings,Containers & Packaging,13.35B
GEF,Greif,Containers & Packaging,3.17B
GPK,Graphic Packaging Holding,Containers & Packaging,6.19B
IP,International Paper,Containers & Packaging,19.19B
MYE,Myers Industries,Containers & Packaging,765.80M
OI,O-I Glass,Containers & Packaging,2.00B
PACK,Ranpak Holdings,Containers & Packaging,2.91B
PKG,Packaging Corporation of America,Containers & Packaging,12.87B
PTVE,Pactiv Evergreen,Containers & Packaging,2.53B
SEE,Sealed Air,Containers & Packaging,8.84B
SLGN,Silgan Holdings,Containers & Packaging,4.43B
SON,Sonoco Products,Containers & Packaging,5.75B
UFPT,UFP Technologies,Containers & Packaging,469.73M
WRK,WestRock,Containers & Packaging,12.72B
AGM.A,Federal Agricultural Mortgage,Credit Services,1.35B
FOA,Finance of America,Credit Services,297.01M
NISN,Nisun International,Credit Services,274.72M
RWAY,Runway Growth Finance,Credit Services,532.98M
SNTG,Sentage Holdings,Credit Services,31.22M
SOFI,SoFi Technologies,Credit Services,18.09B
SUNL,Sunlight Financial,Credit Services,525.99M
AKU,Akumin,Diagnostics & Research,157.58M
BDSX,Biodesix,Diagnostics & Research,210.10M
BNR,Burning Rock Biotech,Diagnostics & Research,1.62B
BVS,Bioventus,Diagnostics & Research,904.47M
GTH,Genetron Holdings,Diagnostics & Research,1.26B
ISPC,iSpecimen,Diagnostics & Research,53.58M
LMDX,LumiraDx,Diagnostics & Research,0.00
ME,23andMe,Diagnostics & Research,4.77B
MXCT,MaxCyte,Diagnostics & Research,1.10B
OLK,Olink Holding,Diagnostics & Research,3.92B
SERA,Sera Prognostics,Diagnostics & Research,317.12M
SHC,Sotera Health,Diagnostics & Research,7.20B
SQL,SeqLL,Diagnostics & Research,40.36M
STRR,Star Equity Holdings,Diagnostics & Research,12.87M
TUEM,Tuesday Morning,Discount Stores,210.89M
DIT,AMCON Distributing,Distributors,70.30M
EDUC,Educational Development,Distributors,84.74M
FNKO,Funko,Distributors,661.34M
GNLN,Greenlane Holdings,Distributors,134.07M
GPC,Genuine Parts,Distributors,18.76B
LKQ,LKQ Corporation,Distributors,16.27B
POOL,Pool Corporation,Distributors,20.65B
WEYS,Weyco Group,Distributors,221.57M
AACG,ATA Creativity Global,Diversified Consumer Services,71.70M
AFYA,Afya,Diversified Consumer Services,1.61B
AIRS,AirSculpt Technologies,Diversified Consumer Services,806.78M
AMBO,Ambow Education Holding,Diversified Consumer Services,30.33M
APEI,American Public Education,Diversified Consumer Services,483.62M
ARCE,Arco Platform,Diversified Consumer Services,1.01B
ASPU,Aspen Group,Diversified Consumer Services,135.38M
ATGE,Adtalem Global Education,Diversified Consumer Services,1.93B
BEDU,Bright Scholar Education,Diversified Consumer Services,335.13M
BFAM,Bright Horizons Family Solutions,Diversified Consumer Services,10.28B
CHGG,"Chegg, Inc.",Diversified Consumer Services,9.08B
COE,China Online Education Group,Diversified Consumer Services,51.61M
CSV,Carriage Services,Diversified Consumer Services,905.19M
DAO,Youdao,Diversified Consumer Services,1.67B
EDU,New Oriental Education & Technology,Diversified Consumer Services,3.80B
EEIQ,Elite Education Group,Diversified Consumer Services,36.21M
FEDU,Four Seasons Education,Diversified Consumer Services,61.99M
FRG,Franchise Group,Diversified Consumer Services,1.54B
FTDR,"Frontdoor, Inc.",Diversified Consumer Services,3.26B
GHC,Graham Holdings,Diversified Consumer Services,3.04B
HLG,Hailiang Education Group,Diversified Consumer Services,786.49M
HMHC,Houghton Mifflin Harcourt,Diversified Consumer Services,1.88B
HRB,H&R Block,Diversified Consumer Services,4.10B
HYRE,HyreCar,Diversified Consumer Services,150.72M
LAIX,LAIX Inc.,Diversified Consumer Services,44.67M
LAUR,Laureate Education,Diversified Consumer Services,1.90B
LINC,Lincoln Educational Services,Diversified Consumer Services,201.48M
LOPE,Grand Canyon Education,Diversified Consumer Services,3.98B
LRN,Stride,Diversified Consumer Services,1.61B
NEW,Puxin,Diversified Consumer Services,48.10M
ONE,OneSmart International Education,Diversified Consumer Services,64.65M
OSW,OneSpaWorld Holdings,Diversified Consumer Services,987.99M
PRDO,Perdoceo Education,Diversified Consumer Services,771.60M
REDU,RISE Education Cayman,Diversified Consumer Services,44.06M
RGS,Regis Corporation,Diversified Consumer Services,104.41M
RYB,RYB Education,Diversified Consumer Services,73.93M
SCI,Service Corporation International,Diversified Consumer Services,11.47B
STG,Sunlands Technology Group,Diversified Consumer Services,67.02M
STON,StoneMor,Diversified Consumer Services,300.93M
STRA,Strategic Education,Diversified Consumer Services,1.76B
TAL,TAL Education Group,Diversified Consumer Services,2.87B
TEDU,Tarena International,Diversified Consumer Services,47.85M
UTI,Universal Technical Institute,Diversified Consumer Services,232.07M
WAFU,Wah Fu Education Group,Diversified Consumer Services,26.86M
WW,WW International,Diversified Consumer Services,1.26B
XSPA,XpresSpa Group,Diversified Consumer Services,143.57M
ZVO,Zovio,Diversified Consumer Services,59.56M
ALRS,Alerus Financial,Diversified Financial Services,560.30M
AMRK,A-Mark Precious Metals,Diversified Financial Services,843.45M
BLX,Banco Latinoamericano,Diversified Financial Services,716.58M
BRK.A,Berkshire Hathaway,Diversified Financial Services,647.36B
BRK.B,Berkshire Hathaway,Diversified Financial Services,648.55B
CANO,Cano Health,Diversified Financial Services,1.96B
CNNE,Cannae Holdings,Diversified Financial Services,3.05B
CODI,Compass Diversified Holdings,Diversified Financial Services,1.97B
DXF,Dunxin Financial Holdings,Diversified Financial Services,30.90M
EQH,Equitable Holdings,Diversified Financial Services,14.00B
FPAY,FlexShopper,Diversified Financial Services,55.59M
GWGH,GWG Holdings,Diversified Financial Services,333.59M
IX,ORIX Corporation,Diversified Financial Services,24.47B
JEF,Jefferies Financial Group,Diversified Financial Services,10.60B
LMFA,LM Funding America,Diversified Financial Services,78.35M
MRLN,Marlin Business Services,Diversified Financial Services,276.25M
PSTH,Pershing Square Tontine Holdings,Diversified Financial Services,3.98B
SWKH,SWK Holdings,Diversified Financial Services,241.00M
VOYA,Voya Financial,Diversified Financial Services,7.96B
ATEX,Anterix,Diversified Telecommunication Services,1.17B
ATNI,ATN International,Diversified Telecommunication Services,671.37M
BAND,Bandwidth,Diversified Telecommunication Services,2.18B
BCE,"BCE, Inc.",Diversified Telecommunication Services,47.10B
CCOI,Cogent Communications Holdings,Diversified Telecommunication Services,3.68B
CHA,China Telecom,Diversified Telecommunication Services,0.00
CHT,Chunghwa Telecom,Diversified Telecommunication Services,31.12B
CHU,China Unicom,Diversified Telecommunication Services,0.00
CNSL,Consolidated Communications Holdings,Diversified Telecommunication Services,748.56M
CUEN,Cuentas,Diversified Telecommunication Services,40.81M
GSAT,Globalstar,Diversified Telecommunication Services,2.99B
IDT,IDT Corporation,Diversified Telecommunication Services,1.32B
IRDM,Iridium Communications,Diversified Telecommunication Services,5.53B
KT,KT Corporation,Diversified Telecommunication Services,6.23B
LILA,Liberty Latin America,Diversified Telecommunication Services,2.99B
LUMN,Lumen Technologies,Diversified Telecommunication Services,13.34B
OOMA,"Ooma, Inc.",Diversified Telecommunication Services,558.83M
ORAN,Orange S.A.,Diversified Telecommunication Services,29.85B
SIFY,Sify Technologies,Diversified Telecommunication Services,646.94M
T,AT&T,Diversified Telecommunication Services,181.14B
TEF,Telefonica,Diversified Telecommunication Services,25.03B
TEO,Telecom Argentina,Diversified Telecommunication Services,2.20B
TLK,Telkom Indonesia,Diversified Telecommunication Services,25.86B
TU,TELUS Corporation,Diversified Telecommunication Services,31.23B
VG,Vonage Holdings,Diversified Telecommunication Services,4.08B
VZ,Verizon,Diversified Telecommunication Services,219.22B
CRXT,Clarus Therapeutics,Drug Manufacturers-General,5.47M
OGN,Organon,Drug Manufacturers-General,9.41B
AMYT,Amryt Pharma,Drug Manufacturers-Specialty & Generic,702.34M
BFRI,Biofrontera,Drug Manufacturers-Specialty & Generic,45.95M
CLVR,Clever Leaves,Drug Manufacturers-Specialty & Generic,178.95M
CRDL,Cardiol Therapeutics,Drug Manufacturers-Specialty & Generic,152.16M
CYTH,Cyclo Therapeutics,Drug Manufacturers-Specialty & Generic,38.82M
FLGC,Flora Growth,Drug Manufacturers-Specialty & Generic,188.27M
GRVI,Grove,Drug Manufacturers-Specialty & Generic,91.88M
IMCC,IM Cannabis,Drug Manufacturers-Specialty & Generic,179.77M
INCR,Intercure,Drug Manufacturers-Specialty & Generic,293.59M
JUPW,Jupiter Wellness,Drug Manufacturers-Specialty & Generic,46.31M
MDVL,MedAvail,Drug Manufacturers-Specialty & Generic,90.05M
PRFX,PainReform,Drug Manufacturers-Specialty & Generic,25.79M
PROC,Procaps Group,Drug Manufacturers-Specialty & Generic,1.16B
PTPI,Petros Pharmaceuticals,Drug Manufacturers-Specialty & Generic,22.75M
QLI,Qilian International,Drug Manufacturers-Specialty & Generic,132.63M
RGC,Regencell Bioscience,Drug Manufacturers-Specialty & Generic,215.22M
TKNO,Alpha Teknova,Drug Manufacturers-Specialty & Generic,644.27M
CLEU,China Liberal Education Holdings,Education & Training Services,29.23M
COUR,Coursera,Education & Training Services,5.10B
EDTK,Skillful Craftsman,Education & Training Services,20.86M
FHS,First High-School Education Group,Education & Training Services,84.81M
GOTU,Gaotu Techedu,Education & Training Services,789.72M
IH,iHuman,Education & Training Services,265.02M
LXEH,Lixiang Education,Education & Training Services,112.53M
METX,Meten Edtechx Education,Education & Training Services,76.23M
SKIL,Skillsoft,Education & Training Services,1.63B
UDMY,Udemy,Education & Training Services,4.02B
VSTA,Vasta Platform,Education & Training Services,330.89M
VTRU,Vitru,Education & Training Services,305.29M
ZME,Zhangmen Education,Education & Training Services,296.42M
AEP,American Electric Power,Electric Utilities,42.88B
AGR,Avangrid,Electric Utilities,20.36B
ALE,"ALLETE, Inc.",Electric Utilities,3.30B
CIG,Companhia Energetica de Minas Gerais,Electric Utilities,4.27B
DUK,Duke Energy,Electric Utilities,78.71B
EBR,Centrais Eletricas Brasileiras,Electric Utilities,9.79B
EDN,Edenor SA,Electric Utilities,579.22M
EIX,Edison International,Electric Utilities,24.04B
ELP,Companhia Paranaense de Energia,Electric Utilities,14.09B
ENIA,Enel Americas,Electric Utilities,12.91B
ENIC,Enel Chile,Electric Utilities,3.02B
ES,Eversource Energy,Electric Utilities,29.12B
ETR,Entergy,Electric Utilities,20.80B
EVRG,Evergy,Electric Utilities,14.67B
EXC,Exelon,Electric Utilities,52.70B
FE,FirstEnergy,Electric Utilities,21.11B
FTS,Fortis,Electric Utilities,21.11B
GNE,Genie Energy,Electric Utilities,128.46M
HE,Hawaiian Electric Industries,Electric Utilities,4.51B
IDA,"IDACORP, Inc.",Electric Utilities,5.40B
KEP,Korea Electric Power,Electric Utilities,12.41B
LNT,Alliant Energy,Electric Utilities,14.23B
MGEE,MGE Energy,Electric Utilities,2.78B
NEE,NextEra Energy,Electric Utilities,167.94B
OGE,OGE Energy,Electric Utilities,6.94B
OTTR,Otter Tail Corporation,Electric Utilities,2.60B
PAM,Pampa Energia,Electric Utilities,1.01B
PCG,PG&E Corporation,Electric Utilities,25.67B
PNM,PNM Resources,Electric Utilities,4.27B
PNW,Pinnacle West Capital,Electric Utilities,7.33B
POR,Portland General Electric,Electric Utilities,4.48B
PPL,PPL Corporation,Electric Utilities,22.55B
SO,Southern Company,Electric Utilities,66.16B
XEL,Xcel Energy,Electric Utilities,34.74B
ABB,ABB Ltd.,Electrical Equipment,66.82B
AME,"AMETEK, Inc.",Electrical Equipment,30.99B
AMOT,Allied Motion Technologies,Electrical Equipment,530.77M
AMSC,American Superconductor,Electrical Equipment,546.45M
APWC,Asia Pacific Wire & Cable,Electrical Equipment,46.99M
ATKR,Atkore International Group,Electrical Equipment,4.52B
AYI,Acuity Brands,Electrical Equipment,7.25B
AZZ,AZZ Inc.,Electrical Equipment,1.35B
BE,Bloom Energy,Electrical Equipment,5.66B
BEEM,Beam Global,Electrical Equipment,310.28M
BLDP,Ballard Power Systems,Electrical Equipment,5.69B
BW,Babcock & Wilcox Enterprises,Electrical Equipment,611.90M
BWEN,Broadwind Energy,Electrical Equipment,62.03M
CBAT,CBAK Energy Technology,Electrical Equipment,197.16M
DPW,DPW Holdings,Electrical Equipment,147.44M
EAF,GrafTech International,Electrical Equipment,2.95B
EFOI,Energy Focus,Electrical Equipment,17.24M
EMR,Emerson Electric,Electrical Equipment,58.52B
ENS,EnerSys,Electrical Equipment,3.55B
ESP,Espey Manufacturing & Electronics,Electrical Equipment,40.40M
ETN,Eaton,Electrical Equipment,65.54B
FCEL,FuelCell Energy,Electrical Equipment,3.49B
FLUX,Flux Power Holdings,Electrical Equipment,98.48M
GNRC,Generac Holdings,Electrical Equipment,31.93B
HUBB,Hubbell,Electrical Equipment,10.92B
IPWR,Ideal Power,Electrical Equipment,84.44M
LYTS,LSI Industries,Electrical Equipment,221.04M
NVT,nVent Electric,Electrical Equipment,6.05B
OESX,Orion Energy Systems,Electrical Equipment,132.37M
OPTT,Ocean Power Technologies,Electrical Equipment,118.03M
PLPC,Preformed Line Products,Electrical Equipment,332.76M
PLUG,Plug Power,Electrical Equipment,23.92B
POLA,Polar Power,Electrical Equipment,68.54M
POWL,Powell Industries,Electrical Equipment,310.41M
PPSI,Pioneer Power Solutions,Electrical Equipment,29.32M
ROK,Rockwell Automation,Electrical Equipment,37.12B
RUN,SunRun,Electrical Equipment,11.98B
ST,Sensata Technologies Holding,Electrical Equipment,8.96B
SUNW,Sunworks,Electrical Equipment,172.83M
SVT,Servotronics,Electrical Equipment,28.18M
THR,Thermon Group Holdings,Electrical Equipment,588.63M
TPIC,TPI Composites,Electrical Equipment,1.33B
ULBI,Ultralife,Electrical Equipment,101.47M
VICR,Vicor Corporation,Electrical Equipment,6.56B
WATT,Energous,Electrical Equipment,128.26M
WIRE,Encore Wire Corporation,Electrical Equipment,2.90B
ENVX,Enovix,Electrical Equipment & Parts,3.98B
EOSE,Eos Energy Enterprises,Electrical Equipment & Parts,617.35M
FREY,FREYR Battery,Electrical Equipment & Parts,1.22B
MVST,Microvast,Electrical Equipment & Parts,2.67B
VRT,Vertiv Holdings,Electrical Equipment & Parts,9.18B
ATC,Atotech,Electronic Components,4.75B
BELFA,Bel Fuse,Electronic Components,179.51M
KULR,KULR Technology Group,Electronic Components,291.88M
MMAT,Meta Materials,Electronic Components,1.38B
OUST,Ouster,Electronic Components,1.15B
VIAO,VIA optronics AG,Electronic Components,138.64M
WBX,Wallbox,Electronic Components,80.45M
AEY,ADDvantage Technologies Group,"Electronic Equipment, Instruments & C...",27.78M
AIRG,Airgain,"Electronic Equipment, Instruments & C...",109.45M
AKTS,Akoustis Technologies,"Electronic Equipment, Instruments & C...",391.01M
APDN,Applied DNA Sciences,"Electronic Equipment, Instruments & C...",41.77M
APH,Amphenol,"Electronic Equipment, Instruments & C...",46.04B
API,Agora,"Electronic Equipment, Instruments & C...",2.76B
ARLO,Arlo Technologies,"Electronic Equipment, Instruments & C...",574.09M
ARW,Arrow Electronics,"Electronic Equipment, Instruments & C...",8.50B
AVT,Avnet,"Electronic Equipment, Instruments & C...",3.89B
BDC,Belden,"Electronic Equipment, Instruments & C...",2.78B
BELFB,Bel Fuse,"Electronic Equipment, Instruments & C...",182.09M
BHE,Benchmark Electronics,"Electronic Equipment, Instruments & C...",853.97M
BMI,Badger Meter,"Electronic Equipment, Instruments & C...",3.00B
BNSO,Bonso Electronics International,"Electronic Equipment, Instruments & C...",26.62M
CDW,CDW Corporation,"Electronic Equipment, Instruments & C...",25.80B
CETX,Cemtrex,"Electronic Equipment, Instruments & C...",28.06M
CGNX,Cognex,"Electronic Equipment, Instruments & C...",15.62B
CLIR,ClearSign Technologies,"Electronic Equipment, Instruments & C...",52.26M
CLS,Celestica,"Electronic Equipment, Instruments & C...",1.28B
CNXN,PC Connection,"Electronic Equipment, Instruments & C...",1.21B
CODA,Coda Octopus Group,"Electronic Equipment, Instruments & C...",91.80M
COHR,Coherent,"Electronic Equipment, Instruments & C...",6.30B
CPSH,CPS Technologies,"Electronic Equipment, Instruments & C...",73.05M
CSR,Centerspace,"Electronic Equipment, Instruments & C...",1.41B
CTS,CTS Corporation,"Electronic Equipment, Instruments & C...",1.17B
DAIO,Data I/O,"Electronic Equipment, Instruments & C...",46.11M
DAKT,Daktronics,"Electronic Equipment, Instruments & C...",253.09M
DGLY,Digital Ally,"Electronic Equipment, Instruments & C...",64.90M
DLB,Dolby Laboratories,"Electronic Equipment, Instruments & C...",9.12B
DSWL,Deswell Industries,"Electronic Equipment, Instruments & C...",63.42M
ELSE,Electro-Sensors,"Electronic Equipment, Instruments & C...",17.55M
ELTK,Eltek,"Electronic Equipment, Instruments & C...",32.42M
FARO,FARO Technologies,"Electronic Equipment, Instruments & C...",1.39B
FCUV,Focus Universal,"Electronic Equipment, Instruments & C...",340.02M
FEIM,Frequency Electronics,"Electronic Equipment, Instruments & C...",91.63M
FLEX,Flex Ltd.,"Electronic Equipment, Instruments & C...",8.62B
FN,Fabrinet,"Electronic Equipment, Instruments & C...",3.64B
GLW,Corning,"Electronic Equipment, Instruments & C...",30.50B
GNSS,Genasys,"Electronic Equipment, Instruments & C...",185.77M
HOLI,HollySys Automation Technologies,"Electronic Equipment, Instruments & C...",1.22B
IDN,Intellicheck,"Electronic Equipment, Instruments & C...",179.83M
IIVI,II-VI Incorporated,"Electronic Equipment, Instruments & C...",6.72B
IMTE,Integrated Media Technology,"Electronic Equipment, Instruments & C...",48.89M
INVE,Identiv,"Electronic Equipment, Instruments & C...",431.90M
IPGP,IPG Photonics,"Electronic Equipment, Instruments & C...",8.73B
ITI,Iteris,"Electronic Equipment, Instruments & C...",231.28M
ITRI,"Itron, Inc.","Electronic Equipment, Instruments & C...",3.67B
JBL,Jabil,"Electronic Equipment, Instruments & C...",8.87B
KE,Kimball Electronics,"Electronic Equipment, Instruments & C...",739.47M
KEYS,Keysight Technologies,"Electronic Equipment, Instruments & C...",33.35B
KN,Knowles Corporation,"Electronic Equipment, Instruments & C...",1.98B
KTCC,Key Tronic,"Electronic Equipment, Instruments & C...",70.17M
LASR,"nLIGHT, Inc.","Electronic Equipment, Instruments & C...",1.30B
LFUS,Littelfuse,"Electronic Equipment, Instruments & C...",7.38B
LGL,LGL Group,"Electronic Equipment, Instruments & C...",67.12M
LPL,LG Display,"Electronic Equipment, Instruments & C...",6.08B
LPTH,LightPath Technologies,"Electronic Equipment, Instruments & C...",53.72M
LUNA,Luna Innovations,"Electronic Equipment, Instruments & C...",317.35M
MEI,Methode Electronics,"Electronic Equipment, Instruments & C...",1.67B
MKTY,Mechanical Technology,"Electronic Equipment, Instruments & C...",155.32M
MVIS,MicroVision,"Electronic Equipment, Instruments & C...",1.38B
NATI,National Instruments,"Electronic Equipment, Instruments & C...",5.81B
NEON,Neonode,"Electronic Equipment, Instruments & C...",116.36M
NEWP,New Pacific Metals,"Electronic Equipment, Instruments & C...",556.18M
NOVT,Novanta,"Electronic Equipment, Instruments & C...",6.20B
NSIT,Insight Enterprises,"Electronic Equipment, Instruments & C...",3.37B
NSSC,Napco Security Technologies,"Electronic Equipment, Instruments & C...",865.99M
NSYS,Nortech Systems,"Electronic Equipment, Instruments & C...",27.59M
OSIS,OSI Systems,"Electronic Equipment, Instruments & C...",1.65B
PAR,PAR Technology,"Electronic Equipment, Instruments & C...",1.78B
PAY,Paymentus Holdings,"Electronic Equipment, Instruments & C...",3.12B
PLUS,ePlus,"Electronic Equipment, Instruments & C...",1.53B
PLXS,Plexus Corp.,"Electronic Equipment, Instruments & C...",2.53B
PWFL,PowerFleet,"Electronic Equipment, Instruments & C...",252.14M
REFR,Research Frontiers,"Electronic Equipment, Instruments & C...",70.26M
RELL,Richardson Electronics,"Electronic Equipment, Instruments & C...",149.38M
RFIL,RF Industries,"Electronic Equipment, Instruments & C...",76.61M
ROG,Rogers Corporation,"Electronic Equipment, Instruments & C...",3.90B
SANM,Sanmina,"Electronic Equipment, Instruments & C...",2.53B
SCSC,ScanSource,"Electronic Equipment, Instruments & C...",942.94M
SGMA,SigmaTron International,"Electronic Equipment, Instruments & C...",37.88M
SGOC,SGOCO Group,"Electronic Equipment, Instruments & C...",627.88M
SMIT,Schmitt Industries,"Electronic Equipment, Instruments & C...",16.99M
SNT,Senstar Technologies,"Electronic Equipment, Instruments & C...",95.49M
SNX,Synnex,"Electronic Equipment, Instruments & C...",10.47B
SOTK,Sono-Tek Corporation,"Electronic Equipment, Instruments & C...",88.60M
SPCB,SuperCom,"Electronic Equipment, Instruments & C...",18.39M
TAIT,Taitron Components,"Electronic Equipment, Instruments & C...",24.54M
TEL,TE Connectivity,"Electronic Equipment, Instruments & C...",49.43B
TRMB,Trimble,"Electronic Equipment, Instruments & C...",21.95B
TTMI,TTM Technologies,"Electronic Equipment, Instruments & C...",1.45B
UUU,Universal Security Instruments,"Electronic Equipment, Instruments & C...",11.77M
VNT,Vontier,"Electronic Equipment, Instruments & C...",5.76B
VPG,Vishay Precision Group,"Electronic Equipment, Instruments & C...",485.89M
VRME,VerifyMe,"Electronic Equipment, Instruments & C...",24.75M
VSH,Vishay Intertechnology,"Electronic Equipment, Instruments & C...",2.92B
WRAP,Wrap Technologies,"Electronic Equipment, Instruments & C...",243.27M
WSTG,Wayside Technology Group,"Electronic Equipment, Instruments & C...",123.10M
WTT,Wireless Telecom Group,"Electronic Equipment, Instruments & C...",48.41M
ZBRA,Zebra Technologies,"Electronic Equipment, Instruments & C...",28.98B
ZEPP,Zepp Health,"Electronic Equipment, Instruments & C...",547.07M
BRAG,Bragg Gaming Group,Electronic Gaming & Multimedia,165.38M
DDI,DoubleDown Interactive,Electronic Gaming & Multimedia,832.00M
EGLX,Enthusiast Gaming,Electronic Gaming & Multimedia,405.18M
GDEV,Nexters,Electronic Gaming & Multimedia,283.85M
MSGM,Motorsport Games,Electronic Gaming & Multimedia,131.49M
MYPS,PLAYSTUDIOS,Electronic Gaming & Multimedia,614.94M
PLTK,Playtika,Electronic Gaming & Multimedia,12.16B
RBLX,Roblox,Electronic Gaming & Multimedia,46.67B
VS,Versus Systems,Electronic Gaming & Multimedia,55.13M
SNPO,Snap One Holdings,Electronics & Computer Distribution,1.17B
AROC,Archrock,Energy Equipment & Services,1.29B
ASPN,Aspen Aerogels,Energy Equipment & Services,1.76B
BKR,Baker Hughes,Energy Equipment & Services,22.45B
BOOM,DMC Global,Energy Equipment & Services,769.40M
CCLP,CSI Compressco,Energy Equipment & Services,75.31M
CELP,Cypress Environmental Partners,Energy Equipment & Services,20.24M
CHX,ChampionX,Energy Equipment & Services,5.45B
CLB,Core Laboratories,Energy Equipment & Services,1.23B
DRQ,Dril-Quip,Energy Equipment & Services,854.95M
DWSN,Dawson Geophysical,Energy Equipment & Services,55.09M
ENG,ENGlobal,Energy Equipment & Services,85.38M
ENSV,Enservco,Energy Equipment & Services,13.38M
EXTN,Exterran,Energy Equipment & Services,140.79M
FET,Forum Energy Technologies,Energy Equipment & Services,129.10M
FTI,TechnipFMC,Energy Equipment & Services,3.47B
FTSI,FTS International,Energy Equipment & Services,372.63M
GEOS,Geospace Technologies,Energy Equipment & Services,119.22M
GIFI,Gulf Island Fabrication,Energy Equipment & Services,62.14M
HAL,Halliburton,Energy Equipment & Services,22.90B
HLX,Helix Energy Solutions Group,Energy Equipment & Services,608.08M
HP,Helmerich & Payne,Energy Equipment & Services,3.49B
ICD,Independence Contract Drilling,Energy Equipment & Services,29.12M
IO,ION Geophysical,Energy Equipment & Services,76.17M
KLXE,KLX Energy Services,Energy Equipment & Services,39.96M
LBRT,Liberty Oilfield Services,Energy Equipment & Services,2.43B
MIND,MIND Technology,Energy Equipment & Services,24.38M
MTRX,Matrix Service,Energy Equipment & Services,280.85M
NBR,Nabors Industries,Energy Equipment & Services,846.82M
NCSM,NCS Multistage Holdings,Energy Equipment & Services,77.79M
NES,Nuverra Environmental Solutions,Energy Equipment & Services,32.80M
NESR,National Energy Services Reunited,Energy Equipment & Services,1.06B
NEX,NexTier Oilfield Solutions,Energy Equipment & Services,1.12B
NGS,Natural Gas Services Group,Energy Equipment & Services,151.61M
NINE,Nine Energy Service,Energy Equipment & Services,60.82M
NOA,North American Construction,Energy Equipment & Services,495.52M
NOV,National Oilwell Varco,Energy Equipment & Services,5.62B
NR,Newpark Resources,Energy Equipment & Services,313.99M
OII,Oceaneering International,Energy Equipment & Services,1.38B
OIS,Oil States International,Energy Equipment & Services,388.50M
PDS,Precision Drilling,Energy Equipment & Services,591.56M
PFIE,Profire Energy,Energy Equipment & Services,57.89M
PTEN,Patterson-UTI Energy,Energy Equipment & Services,1.90B
PUMP,ProPetro Holding,Energy Equipment & Services,998.52M
RCON,Recon Technology,Energy Equipment & Services,63.98M
RES,"RPC, Inc.",Energy Equipment & Services,1.18B
RIG,Transocean,Energy Equipment & Services,2.45B
RNGR,Ranger Energy Services,Energy Equipment & Services,178.61M
SDPI,Superior Drilling Products,Energy Equipment & Services,35.61M
SLB,Schlumberger,Energy Equipment & Services,46.71B
SLCA,U.S. Silica Holdings,Energy Equipment & Services,816.31M
SMHI,Seacor Marine Holdings,Energy Equipment & Services,113.13M
SND,Smart Sand,Energy Equipment & Services,101.75M
SOI,Solaris Oilfield Infrastructure,Energy Equipment & Services,253.42M
TDW,Tidewater,Energy Equipment & Services,506.02M
TS,Tenaris,Energy Equipment & Services,13.80B
TTI,TETRA Technologies,Energy Equipment & Services,431.72M
TUSK,Mammoth Energy Services,Energy Equipment & Services,162.45M
USAC,USA Compression Partners,Energy Equipment & Services,1.57B
WHD,Cactus,Energy Equipment & Services,2.58B
WTTR,Select Energy Services,Energy Equipment & Services,681.28M
AENZ,Aenza,Engineering & Construction,338.30M
ATCX,Atlas Technical Consultants,Engineering & Construction,346.40M
AMC,AMC Entertainment,Entertainment,19.03B
ATVI,Activision Blizzard,Entertainment,61.71B
BHAT,Blue Hat Interactive,Entertainment,39.68M
BILI,Bilibili,Entertainment,30.90B
BTN,Ballantyne Strong,Entertainment,57.64M
CIDM,Cinedigm,Entertainment,392.82M
CNK,Cinemark Holdings,Entertainment,2.50B
CSCW,Color Star Technology,Entertainment,89.12M
CSSE,Chicken Soup for the Soul,Entertainment,322.53M
DIS,Disney,Entertainment,309.26B
DLPN,Dolphin Entertainment,Entertainment,87.94M
DOYU,DouYu,Entertainment,1.09B
EA,Electronic Arts,Entertainment,40.35B
EDR,Endeavor Group Holdings,Entertainment,6.92B
ESGC,Eros STX Global,Entertainment,336.76M
FWONA,Liberty Media Formula One,Entertainment,13.03B
GAIA,"Gaia, Inc.",Entertainment,194.82M
GIGM,GigaMedia,Entertainment,28.96M
GRVY,Gravity,Entertainment,741.45M
HOFV,Hall of Fame Resort & Entertainment,Entertainment,231.40M
HUYA,HUYA Inc.,Entertainment,2.16B
IMAX,IMAX Corporation,Entertainment,1.16B
IQ,"iQIYI, Inc.",Entertainment,7.17B
KUKE,Kuke Music,Entertainment,148.13M
LGF.A,Lions Gate Entertainment,Entertainment,2.86B
LGF.B,Lions Gate Entertainment,Entertainment,2.84B
LVO,LiveOne,Entertainment,191.18M
LYV,Live Nation Entertainment,Entertainment,23.33B
MANU,Manchester United,Entertainment,2.71B
MCS,Marcus Corporation,Entertainment,609.57M
MSGE,Madison Square Garden Entertainment,Entertainment,2.53B
MSGS,Madison Square Garden Sports,Entertainment,4.78B
NCTY,The9 Limited,Entertainment,220.45M
NFLX,Netflix,Entertainment,301.73B
NTES,NetEase,Entertainment,69.75B
RDI,Reading International,Entertainment,147.80M
RDIB,Reading International,Entertainment,142.82M
ROKU,"Roku, Inc",Entertainment,42.40B
RSVR,Reservoir Media,Entertainment,593.92M
SCPL,SciPlay,Entertainment,523.35M
SE,Sea Limited,Entertainment,195.48B
SKLZ,Skillz,Entertainment,4.85B
SPOT,Spotify Technology,Entertainment,57.65B
TME,Tencent Music Entertainment,Entertainment,14.23B
TTWO,Take-Two Interactive,Entertainment,21.42B
WMG,Warner Music Group,Entertainment,25.14B
WWE,World Wrestling Entertainment,Entertainment,4.71B
YVR,Liquid Media Group,Entertainment,27.85M
ZNGA,Zynga Inc.,Entertainment,8.41B
AAT,American Assets Trust,Equity Real Estate  Investment Trusts...,2.33B
ACC,American Campus Communities,Equity Real Estate  Investment Trusts...,7.55B
ADC,Agree Realty,Equity Real Estate  Investment Trusts...,4.91B
AFIN,American Finance Trust,Equity Real Estate  Investment Trusts...,1.01B
AHH,Armada Hoffler Properties,Equity Real Estate  Investment Trusts...,857.53M
AHT,Ashford Hospitality Trust,Equity Real Estate  Investment Trusts...,480.22M
AIRC,Apartment Income REIT,Equity Real Estate  Investment Trusts...,8.36B
AIV,Aimco,Equity Real Estate  Investment Trusts...,1.14B
AKR,Acadia Realty Trust,Equity Real Estate  Investment Trusts...,1.94B
ALEX,Alexander & Baldwin,Equity Real Estate  Investment Trusts...,1.81B
ALX,Alexander's,Equity Real Estate  Investment Trusts...,1.42B
AMH,American Homes 4 Rent,Equity Real Estate  Investment Trusts...,13.16B
AMT,American Tower,Equity Real Estate  Investment Trusts...,128.40B
APLE,Apple Hospitality REIT,Equity Real Estate  Investment Trusts...,3.69B
APTS,Preferred Apartment Communities,Equity Real Estate  Investment Trusts...,653.12M
ARE,Alexandria Real Estate Equities,Equity Real Estate  Investment Trusts...,31.77B
AVB,AvalonBay Communities,Equity Real Estate  Investment Trusts...,32.82B
BDN,Brandywine Realty Trust,Equity Real Estate  Investment Trusts...,2.34B
BFS,Saul Centers,Equity Real Estate  Investment Trusts...,1.14B
BHR,Braemar Hotels & Resorts,Equity Real Estate  Investment Trusts...,321.46M
BNL,Broadstone Net Lease,Equity Real Estate  Investment Trusts...,4.28B
BRG,Bluerock Residential Growth REIT,Equity Real Estate  Investment Trusts...,357.85M
BRT,BRT Apartments,Equity Real Estate  Investment Trusts...,362.29M
BRX,Brixmor Property Group,Equity Real Estate  Investment Trusts...,7.12B
BXP,Boston Properties,Equity Real Estate  Investment Trusts...,17.89B
CCI,Crown Castle,Equity Real Estate  Investment Trusts...,78.45B
CDOR,Condor Hospitality Trust,Equity Real Estate  Investment Trusts...,107.03M
CDR,Cedar Realty Trust,Equity Real Estate  Investment Trusts...,309.43M
CHCT,Community Healthcare Trust,Equity Real Estate  Investment Trusts...,1.20B
CIO,City Office REIT,Equity Real Estate  Investment Trusts...,824.92M
CLDT,Chatham Lodging Trust,Equity Real Estate  Investment Trusts...,646.03M
CLI,Mack-Cali Realty,Equity Real Estate  Investment Trusts...,1.65B
CLPR,Clipper Realty,Equity Real Estate  Investment Trusts...,141.03M
CMCT,CIM Commercial Trust,Equity Real Estate  Investment Trusts...,198.87M
COLD,Americold Realty Trust,Equity Real Estate  Investment Trusts...,7.80B
CONE,CyrusOne,Equity Real Estate  Investment Trusts...,10.30B
COR,CoreSite Realty,Equity Real Estate  Investment Trusts...,6.52B
CORR,CorEnergy Infrastructure Trust,Equity Real Estate  Investment Trusts...,75.86M
CPLG,CorePoint Lodging,Equity Real Estate  Investment Trusts...,1.02B
CPT,Camden Property Trust,Equity Real Estate  Investment Trusts...,16.25B
CTRE,CareTrust REIT,Equity Real Estate  Investment Trusts...,2.05B
CTT,CatchMark Timber Trust,Equity Real Estate  Investment Trusts...,419.07M
CUBE,CubeSmart,Equity Real Estate  Investment Trusts...,11.05B
CUZ,Cousins Properties,Equity Real Estate  Investment Trusts...,5.96B
CXP,Columbia Property Trust,Equity Real Estate  Investment Trusts...,2.20B
CXW,CoreCivic,Equity Real Estate  Investment Trusts...,1.06B
DEA,Easterly Government Properties,Equity Real Estate  Investment Trusts...,1.77B
DEI,Douglas Emmett,Equity Real Estate  Investment Trusts...,5.88B
DHC,Diversified Healthcare Trust,Equity Real Estate  Investment Trusts...,912.98M
DLR,Digital Realty Trust,Equity Real Estate  Investment Trusts...,44.87B
DOC,Physicians Realty Trust,Equity Real Estate  Investment Trusts...,4.18B
DRE,Duke Realty,Equity Real Estate  Investment Trusts...,21.32B
DRH,DiamondRock Hospitality,Equity Real Estate  Investment Trusts...,2.01B
EGP,EastGroup Properties,Equity Real Estate  Investment Trusts...,8.08B
ELS,Equity LifeStyle Properties,Equity Real Estate  Investment Trusts...,15.59B
EPR,EPR Properties,Equity Real Estate  Investment Trusts...,3.85B
EPRT,Essential Properties Realty Trust,Equity Real Estate  Investment Trusts...,3.58B
EQC,Equity Commonwealth,Equity Real Estate  Investment Trusts...,3.16B
EQIX,Equinix,Equity Real Estate  Investment Trusts...,74.53B
EQR,Equity Residential,Equity Real Estate  Investment Trusts...,31.93B
ESBA,Empire State Realty OP,Equity Real Estate  Investment Trusts...,2.78B
ESRT,Empire State Realty Trust,Equity Real Estate  Investment Trusts...,1.69B
ESS,Essex Property Trust,Equity Real Estate  Investment Trusts...,21.90B
EXR,Extra Space Storage,Equity Real Estate  Investment Trusts...,26.37B
FCPT,Four Corners Property Trust,Equity Real Estate  Investment Trusts...,2.25B
FPI,Farmland Partners,Equity Real Estate  Investment Trusts...,366.93M
FR,First Industrial Realty Trust,Equity Real Estate  Investment Trusts...,7.70B
FRT,Federal Realty Investment Trust,Equity Real Estate  Investment Trusts...,9.51B
FSP,Franklin Street Properties,Equity Real Estate  Investment Trusts...,504.76M
GEO,GEO Group,Equity Real Estate  Investment Trusts...,1.01B
GLPI,Gaming & Leisure Properties,Equity Real Estate  Investment Trusts...,11.72B
GMRE,Global Medical REIT,Equity Real Estate  Investment Trusts...,1.08B
GNL,Global Net Lease,Equity Real Estate  Investment Trusts...,1.63B
GOOD,Gladstone Commercial,Equity Real Estate  Investment Trusts...,808.49M
GTY,Getty Realty,Equity Real Estate  Investment Trusts...,1.49B
HASI,Hannon Armstrong,Equity Real Estate  Investment Trusts...,4.79B
HIW,Highwoods Properties,Equity Real Estate  Investment Trusts...,4.78B
HMG,HMG Courtland Properties,Equity Real Estate  Investment Trusts...,17.70M
HPP,Hudson Pacific Properties,Equity Real Estate  Investment Trusts...,3.95B
HR,Healthcare Realty Trust,Equity Real Estate  Investment Trusts...,4.84B
HST,Host Hotels & Resorts,Equity Real Estate  Investment Trusts...,12.32B
HT,Hersha Hospitality Trust,Equity Real Estate  Investment Trusts...,372.35M
HTA,Healthcare Trust of America,Equity Real Estate  Investment Trusts...,7.34B
IHT,InnSuites Hospitality Trust,Equity Real Estate  Investment Trusts...,34.93M
IIPR,Innovative Industrial Properties,Equity Real Estate  Investment Trusts...,6.42B
ILPT,Industrial Logistics Properties Trust,Equity Real Estate  Investment Trusts...,1.84B
INDT,INDUS Realty Trust,Equity Real Estate  Investment Trusts...,679.20M
INN,Summit Hotel Properties,Equity Real Estate  Investment Trusts...,1.10B
INVH,Invitation Homes,Equity Real Estate  Investment Trusts...,24.54B
IRM,Iron Mountain,Equity Real Estate  Investment Trusts...,13.29B
IRT,Independence Realty Trust,Equity Real Estate  Investment Trusts...,2.48B
IVT,InvenTrust Properties,Equity Real Estate  Investment Trusts...,1.77B
JBGS,JBG SMITH Properties,Equity Real Estate  Investment Trusts...,3.88B
KIM,Kimco Realty,Equity Real Estate  Investment Trusts...,14.03B
KRC,Kilroy Realty,Equity Real Estate  Investment Trusts...,8.00B
KRG,Kite Realty Group Trust,Equity Real Estate  Investment Trusts...,4.64B
LAMR,Lamar Advertising,Equity Real Estate  Investment Trusts...,11.84B
LAND,Gladstone Land,Equity Real Estate  Investment Trusts...,720.21M
LSI,Life Storage,Equity Real Estate  Investment Trusts...,10.92B
LTC,LTC Properties,Equity Real Estate  Investment Trusts...,1.31B
LXP,Lexington Realty Trust,Equity Real Estate  Investment Trusts...,4.11B
MAA,Mid-America Apartment Communities,Equity Real Estate  Investment Trusts...,23.19B
MAC,Macerich,Equity Real Estate  Investment Trusts...,4.02B
MDRR,Medalist Diversified REIT,Equity Real Estate  Investment Trusts...,19.19M
MGP,MGM Growth Properties,Equity Real Estate  Investment Trusts...,6.22B
MNR,Monmouth Real Estate Investment,Equity Real Estate  Investment Trusts...,1.87B
MPW,Medical Properties Trust,Equity Real Estate  Investment Trusts...,12.80B
NHI,National Health Investors,Equity Real Estate  Investment Trusts...,2.50B
NNN,National Retail Properties,Equity Real Estate  Investment Trusts...,8.02B
NSA,National Storage Affiliates Trust,Equity Real Estate  Investment Trusts...,5.56B
NTST,NetSTREIT,Equity Real Estate  Investment Trusts...,980.32M
NXRT,NexPoint Residential Trust,Equity Real Estate  Investment Trusts...,1.78B
O,Realty Income,Equity Real Estate  Investment Trusts...,27.59B
OFC,Corporate Office Properties Trust,Equity Real Estate  Investment Trusts...,3.11B
OHI,Omega Healthcare Investors,Equity Real Estate  Investment Trusts...,7.19B
OLP,One Liberty Properties,Equity Real Estate  Investment Trusts...,661.34M
OPI,Office Properties Income Trust,Equity Real Estate  Investment Trusts...,1.27B
OUT,OUTFRONT Media,Equity Real Estate  Investment Trusts...,3.79B
PCH,PotlatchDeltic,Equity Real Estate  Investment Trusts...,3.62B
PDM,Piedmont Office Realty Trust,Equity Real Estate  Investment Trusts...,2.27B
PEAK,Healthpeak Properties,Equity Real Estate  Investment Trusts...,19.18B
PEB,Pebblebrook Hotel Trust,Equity Real Estate  Investment Trusts...,3.17B
PEI,Pennsylvania REIT,Equity Real Estate  Investment Trusts...,136.35M
PGRE,Paramount Group,Equity Real Estate  Investment Trusts...,1.92B
PINE,Alpine Income Property Trust,Equity Real Estate  Investment Trusts...,209.45M
PK,Park Hotels & Resorts,Equity Real Estate  Investment Trusts...,4.57B
PLD,Prologis,Equity Real Estate  Investment Trusts...,107.00B
PLYM,Plymouth Industrial REIT,Equity Real Estate  Investment Trusts...,824.24M
PSA,Public Storage,Equity Real Estate  Investment Trusts...,58.11B
PSB,PS Business Parks,Equity Real Estate  Investment Trusts...,4.90B
PSTL,Postal Realty Trust,Equity Real Estate  Investment Trusts...,266.17M
PW,Power REIT,Equity Real Estate  Investment Trusts...,168.38M
REG,Regency Centers,Equity Real Estate  Investment Trusts...,12.12B
REXR,Rexford Industrial Realty,Equity Real Estate  Investment Trusts...,10.23B
RHP,Ryman Hospitality Properties,Equity Real Estate  Investment Trusts...,4.84B
RLJ,RLJ Lodging Trust,Equity Real Estate  Investment Trusts...,2.50B
ROIC,Retail Opportunity Investments,Equity Real Estate  Investment Trusts...,2.20B
RPT,RPT Realty,Equity Real Estate  Investment Trusts...,1.12B
RVI,Retail Value,Equity Real Estate  Investment Trusts...,126.91M
RYN,Rayonier,Equity Real Estate  Investment Trusts...,5.37B
SAFE,Safehold,Equity Real Estate  Investment Trusts...,4.33B
SBAC,SBA Communications,Equity Real Estate  Investment Trusts...,38.06B
SBRA,Sabra Health Care REIT,Equity Real Estate  Investment Trusts...,3.42B
SELF,Global Self Storage,Equity Real Estate  Investment Trusts...,54.51M
SHO,Sunstone Hotel Investors,Equity Real Estate  Investment Trusts...,2.77B
SITC,SITE Centers,Equity Real Estate  Investment Trusts...,3.47B
SKT,Tanger Factory Outlet Centers,Equity Real Estate  Investment Trusts...,1.84B
SLG,SL Green Realty,Equity Real Estate  Investment Trusts...,4.86B
SOHO,Sotherly Hotels,Equity Real Estate  Investment Trusts...,38.62M
SPG,Simon Property Group,Equity Real Estate  Investment Trusts...,49.08B
SRC,Spirit Realty Capital,Equity Real Estate  Investment Trusts...,5.91B
SRG,Seritage Growth Properties,Equity Real Estate  Investment Trusts...,702.46M
STAG,Stag Industrial,Equity Real Estate  Investment Trusts...,7.36B
STAR,iStar Inc.,Equity Real Estate  Investment Trusts...,1.87B
STOR,STORE Capital,Equity Real Estate  Investment Trusts...,9.35B
SUI,Sun Communities,Equity Real Estate  Investment Trusts...,22.64B
SVC,Service Properties Trust,Equity Real Estate  Investment Trusts...,1.87B
TRNO,Terreno Realty,Equity Real Estate  Investment Trusts...,5.25B
UBA,Urstadt Biddle Properties,Equity Real Estate  Investment Trusts...,795.23M
UBP,Urstadt Biddle Properties,Equity Real Estate  Investment Trusts...,756.20M
UDR,"UDR, Inc.",Equity Real Estate  Investment Trusts...,17.01B
UE,Urban Edge Properties,Equity Real Estate  Investment Trusts...,2.14B
UHT,Universal Health Realty Income Trust,Equity Real Estate  Investment Trusts...,806.39M
UMH,UMH Properties,Equity Real Estate  Investment Trusts...,1.15B
UNIT,Uniti Group,Equity Real Estate  Investment Trusts...,3.41B
VER,"VEREIT, Inc",Equity Real Estate  Investment Trusts...,11.53B
VICI,VICI Properties,Equity Real Estate  Investment Trusts...,18.58B
VNO,Vornado Realty Trust,Equity Real Estate  Investment Trusts...,8.33B
VTR,Ventas,Equity Real Estate  Investment Trusts...,21.66B
WELL,Welltower,Equity Real Estate  Investment Trusts...,34.84B
WHLR,Wheeler Real Estate Investment Trust,Equity Real Estate  Investment Trusts...,24.87M
WPC,W.P. Carey,Equity Real Estate  Investment Trusts...,14.83B
WRE,Washington REIT,Equity Real Estate  Investment Trusts...,2.16B
WSR,Whitestone REIT,Equity Real Estate  Investment Trusts...,457.63M
WY,Weyerhaeuser,Equity Real Estate  Investment Trusts...,27.73B
XHR,Xenia Hotels & Resorts,Equity Real Estate  Investment Trusts...,2.10B
HYFM,Hydrofarm,Farm & Heavy Construction Machinery,1.50B
LEV,Lion Electric,Farm & Heavy Construction Machinery,2.71B
UGRO,Urban-gro,Farm & Heavy Construction Machinery,124.15M
XOS,Xos,Farm & Heavy Construction Machinery,877.42M
ZEV,Lightning eMotors,Farm & Heavy Construction Machinery,623.97M
AGRI,AgriFORCE Growing Systems,Farm Products,40.46M
APPH,AppHarvest,Farm Products,616.74M
AVO,Mission Produce,Farm Products,1.37B
DOLE,Dole,Farm Products,1.39B
VITL,Vital Farms,Farm Products,680.10M
ANDE,Andersons,Food & Staples Retailing,1.16B
ASAI,Sendas Distribuidora,Food & Staples Retailing,7.43B
BJ,BJ's Wholesale Club,Food & Staples Retailing,8.10B
CASY,Casey's General Stores,Food & Staples Retailing,7.18B
CBD,Companhia Brasileira de Distribuicao,Food & Staples Retailing,1.23B
CHEF,The Chefs' Warehouse,Food & Staples Retailing,1.37B
CJJD,China Jo-Jo Drugstores,Food & Staples Retailing,28.68M
COST,Costco,Food & Staples Retailing,217.32B
GO,Grocery Outlet,Food & Staples Retailing,2.23B
HFFG,HF Foods Group,Food & Staples Retailing,386.75M
IFMK,iFresh,Food & Staples Retailing,33.26M
IMKTA,Ingles Markets,Food & Staples Retailing,1.33B
KR,Kroger,Food & Staples Retailing,30.08B
NGVC,Natural Grocers by Vitamin Cottage,Food & Staples Retailing,282.51M
PFGC,Performance Food Group,Food & Staples Retailing,7.29B
PSMT,PriceSmart,Food & Staples Retailing,2.25B
RAD,Rite Aid,Food & Staples Retailing,784.14M
SFM,Sprouts Farmers Markets,Food & Staples Retailing,2.55B
SPTN,SpartanNash,Food & Staples Retailing,842.39M
SYY,Sysco,Food & Staples Retailing,40.15B
UNFI,United Natural Foods,Food & Staples Retailing,2.52B
USFD,US Foods Holding,Food & Staples Retailing,8.02B
VLGEA,Village Super Market,Food & Staples Retailing,328.06M
WBA,Walgreens Boots Alliance,Food & Staples Retailing,40.96B
WILC,G. Willi Food International,Food & Staples Retailing,296.89M
WMK,Weis Markets,Food & Staples Retailing,1.51B
WMT,Walmart,Food & Staples Retailing,417.69B
YI,"111, Inc.",Food & Staples Retailing,440.89M
ADM,Archer Daniels Midland,Food Products,35.59B
AGRO,Adecoagro,Food Products,1.03B
ALCO,"Alico, Inc.",Food Products,266.42M
BG,Bunge,Food Products,12.94B
BGS,B&G Foods,Food Products,1.96B
BIOX,Bioceres Crop Solutions,Food Products,530.24M
BRFS,BRF S.A.,Food Products,3.29B
BRID,Bridgford Foods,Food Products,111.15M
BYND,Beyond Meat,Food Products,6.30B
CAG,Conagra Brands,Food Products,15.55B
CALM,Cal-Maine Foods,Food Products,1.77B
CPB,Campbell Soup,Food Products,12.21B
CVGW,Calavo Growers,Food Products,744.29M
DAR,Darling Ingredients,Food Products,13.83B
FAMI,Farmmi,Food Products,100.01M
FARM,Farmer Brothers,Food Products,137.60M
FDP,Fresh Del Monte Produce,Food Products,1.61B
FLO,Flowers Foods,Food Products,5.28B
FRPT,Freshpet,Food Products,6.80B
FTFT,Future FinTech Group,Food Products,148.54M
GIS,General Mills,Food Products,37.73B
HAIN,Hain Celestial Group,Food Products,4.35B
HRL,Hormel Foods,Food Products,23.30B
HSY,Hershey,Food Products,35.98B
IBA,Industrias Bachoco,Food Products,2.12B
INGR,Ingredion,Food Products,6.41B
JBSS,John B. Sanfilippo & Son,Food Products,975.71M
JJSF,J&J Snack Foods,Food Products,2.88B
JVA,Coffee Holding Co.,Food Products,25.97M
K,Kellogg,Food Products,21.19B
KHC,Kraft Heinz,Food Products,45.00B
LANC,Lancaster Colony,Food Products,4.64B
LMNR,Limoneira,Food Products,287.39M
LND,BrasilAgro,Food Products,473.40M
LNDC,Landec,Food Products,280.48M
LW,Lamb Weston,Food Products,8.41B
LWAY,Lifeway Foods,Food Products,85.82M
MDLZ,Mondelez International,Food Products,85.14B
MKC,McCormick,Food Products,21.59B
MMMB,MamaMancini's Holdings,Food Products,97.17M
NOMD,Nomad Foods,Food Products,4.83B
NUZE,"NuZee, Inc.",Food Products,36.89M
PETZ,TDH Holdings,Food Products,99.46M
PLAG,Planet Green Holdings,Food Products,41.26M
PLIN,China Xiangtai Food,Food Products,41.73M
PME,Pingtan Marine Enterprise,Food Products,56.61M
POST,Post Holdings,Food Products,6.53B
PPC,Pilgrim's Pride,Food Products,6.95B
RIBT,RiceBran Technologies,Food Products,28.60M
RKDA,Arcadia Biosciences,Food Products,44.13M
RMCF,Rocky Mountain Chocolate Factory,Food Products,54.96M
SAFM,Sanderson Farms,Food Products,4.28B
SANW,S&W Seed Company,Food Products,163.07M
SEB,Seaboard Corporation,Food Products,4.64B
SEED,Origin Agritech,Food Products,52.45M
SENEA,Seneca Foods,Food Products,456.86M
SENEB,Seneca Foods,Food Products,459.09M
SJM,J. M. Smucker,Food Products,13.40B
SMPL,Simply Good Foods,Food Products,3.79B
STKL,SunOpta,Food Products,838.87M
THS,TreeHouse Foods,Food Products,2.07B
TR,Tootsie Roll Industries,Food Products,2.18B
TSN,Tyson Foods,Food Products,29.49B
TWNK,Hostess Brands,Food Products,2.46B
UTZ,Utz Brands,Food Products,2.20B
VFF,Village Farms International,Food Products,679.77M
COOK,Traeger,"Furnishings, Fixtures & Appliances",2.31B
ETD,Ethan Allen Interiors,"Furnishings, Fixtures & Appliances",616.34M
WEBR,Weber,"Furnishings, Fixtures & Appliances",4.66B
EBET,Esports Technologies,Gambling,381.63M
ELYS,Elys Game Technology,Gambling,118.98M
GAMB,Gambling.com Group,Gambling,564.57M
GAN,GAN Limited,Gambling,639.09M
GNOG,Golden Nugget Online Gaming,Gambling,826.62M
RSI,Rush Street Interactive,Gambling,1.24B
SBET,SharpLink Gaming,Gambling,56.00M
ATO,Atmos Energy,Gas Utilities,12.17B
BIPC,Brookfield Infrastructure,Gas Utilities,2.79B
CPK,Chesapeake Utilities,Gas Utilities,2.34B
NFG,National Fuel Gas,Gas Utilities,5.36B
NJR,New Jersey Resources,Gas Utilities,3.74B
NWN,Northwest Natural,Gas Utilities,1.41B
OGS,ONE Gas,Gas Utilities,3.71B
RGCO,RGC Resources,Gas Utilities,185.99M
SGU,Star Group,Gas Utilities,445.57M
SJI,South Jersey Industries,Gas Utilities,2.65B
SPH,Suburban Propane Partners,Gas Utilities,992.47M
SR,Spire,Gas Utilities,3.31B
SWX,Southwest Gas Holdings,Gas Utilities,4.13B
UGI,UGI Corporation,Gas Utilities,9.28B
CGAU,Centerra Gold,Gold,2.29B
GLDG,GoldMining,Gold,204.99M
HYMC,Hycroft Mining Holding,Gold,103.11M
KOR,Corvus Gold,Gold,417.51M
NFGC,New Found Gold,Gold,1.21B
ORLA,Orla Mining,Gold,855.07M
ACI,Albertsons Companies,Grocery Stores,14.86B
ARKO,ARKO,Grocery Stores,1.24B
DDL,Dingdong,Grocery Stores,6.69B
DNUT,Krispy Kreme,Grocery Stores,2.16B
MF,Missfresh,Grocery Stores,941.80M
ABMD,Abiomed,Health Care Equipment & Supplies,15.88B
ABT,Abbott Laboratories,Health Care Equipment & Supplies,228.59B
AEMD,Aethlon Medical,Health Care Equipment & Supplies,54.31M
AHPI,Allied Healthcare Products,Health Care Equipment & Supplies,21.35M
ALGN,Align Technology,Health Care Equipment & Supplies,52.35B
ANGO,AngioDynamics,Health Care Equipment & Supplies,1.14B
APEN,Apollo Endosurgery,Health Care Equipment & Supplies,382.26M
APYX,Apyx Medical,Health Care Equipment & Supplies,504.54M
ARAY,Accuray,Health Care Equipment & Supplies,485.19M
ATEC,Alphatec Holdings,Health Care Equipment & Supplies,1.23B
ATOS,Atossa Therapeutics,Health Care Equipment & Supplies,355.81M
ATRC,AtriCure,Health Care Equipment & Supplies,3.56B
ATRI,Atrion Corporation,Health Care Equipment & Supplies,1.33B
ATRS,Antares Pharma,Health Care Equipment & Supplies,644.18M
AVGR,Avinger,Health Care Equipment & Supplies,69.46M
AVNS,Avanos Medical,Health Care Equipment & Supplies,1.54B
AWH,Aspira Women's Health,Health Care Equipment & Supplies,382.15M
AXGN,Axogen,Health Care Equipment & Supplies,630.06M
AXNX,Axonics Modulation Technologies,Health Care Equipment & Supplies,3.22B
BAX,Baxter International,Health Care Equipment & Supplies,39.97B
BDX,"Becton, Dickinson",Health Care Equipment & Supplies,69.80B
BIOL,"BIOLASE, Inc.",Health Care Equipment & Supplies,86.47M
BLFS,BioLife Solutions,Health Care Equipment & Supplies,2.23B
BLPH,Bellerophon Therapeutics,Health Care Equipment & Supplies,34.89M
BMRA,Biomerica,Health Care Equipment & Supplies,55.67M
BSGM,BioSig Technologies,Health Care Equipment & Supplies,113.50M
BSX,Boston Scientific,Health Care Equipment & Supplies,60.94B
BWAY,Brainsway,Health Care Equipment & Supplies,140.66M
CEMI,Chembio Diagnostics,Health Care Equipment & Supplies,66.98M
CERS,Cerus,Health Care Equipment & Supplies,1.17B
CFMS,Conformis,Health Care Equipment & Supplies,225.01M
CHEK,Check-Cap,Health Care Equipment & Supplies,89.91M
CLPT,ClearPoint Neuro,Health Care Equipment & Supplies,382.02M
CNMD,CONMED Corporation,Health Care Equipment & Supplies,4.28B
CODX,Co-Diagnostics,Health Care Equipment & Supplies,244.41M
COO,Cooper Companies,Health Care Equipment & Supplies,20.80B
CRY,CryoLife,Health Care Equipment & Supplies,827.10M
CSII,Cardiovascular Systems,Health Care Equipment & Supplies,1.44B
CTSO,CytoSorbents,Health Care Equipment & Supplies,253.71M
CUTR,Cutera,Health Care Equipment & Supplies,779.96M
CYRX,CryoPort,Health Care Equipment & Supplies,3.66B
DARE,Dare Bioscience,Health Care Equipment & Supplies,105.78M
DHR,Danaher,Health Care Equipment & Supplies,221.29B
DRIO,DarioHealth,Health Care Equipment & Supplies,299.78M
DXCM,DexCom,Health Care Equipment & Supplies,60.80B
DXR,Daxor,Health Care Equipment & Supplies,44.60M
DYNT,Dynatronics,Health Care Equipment & Supplies,25.83M
ECOR,electroCore,Health Care Equipment & Supplies,64.97M
EDAP,EDAP TMS S.A.,Health Care Equipment & Supplies,203.41M
EKSO,Ekso Bionics Holdings,Health Care Equipment & Supplies,50.11M
ELMD,Electromed,Health Care Equipment & Supplies,93.57M
ESTA,Establishment Labs Holdings,Health Care Equipment & Supplies,1.93B
EW,Edwards Lifesciences,Health Care Equipment & Supplies,72.56B
EYES,Second Sight Medical Products,Health Care Equipment & Supplies,111.92M
FONR,Fonar Corporation,Health Care Equipment & Supplies,111.25M
GKOS,Glaukos Corporation,Health Care Equipment & Supplies,2.16B
GMED,Globus Medical,Health Care Equipment & Supplies,7.86B
HAE,Haemonetics,Health Care Equipment & Supplies,3.61B
HOLX,Hologic,Health Care Equipment & Supplies,18.42B
HRC,Hill-Rom Holdings,Health Care Equipment & Supplies,10.22B
HSDT,Helius Medical Technologies,Health Care Equipment & Supplies,34.23M
HSKA,Heska Corporation,Health Care Equipment & Supplies,2.40B
IART,Integra LifeSciences,Health Care Equipment & Supplies,5.68B
ICUI,ICU Medical,Health Care Equipment & Supplies,5.01B
IDXX,IDEXX Laboratories,Health Care Equipment & Supplies,56.70B
IIN,Intricon,Health Care Equipment & Supplies,154.65M
INGN,Inogen,Health Care Equipment & Supplies,896.75M
INMD,InMode,Health Care Equipment & Supplies,7.47B
INVO,INVO Bioscience,Health Care Equipment & Supplies,40.75M
IRIX,IRIDEX Corporation,Health Care Equipment & Supplies,128.40M
IRMD,IRadimed,Health Care Equipment & Supplies,474.24M
IRTC,iRhythm Technologies,Health Care Equipment & Supplies,2.16B
ISRG,Intuitive Surgical,Health Care Equipment & Supplies,126.83B
ITGR,Integer Holdings,Health Care Equipment & Supplies,2.92B
ITMR,Itamar Medical,Health Care Equipment & Supplies,501.49M
IVC,Invacare,Health Care Equipment & Supplies,168.44M
KEQU,Kewaunee Scientific,Health Care Equipment & Supplies,35.85M
KIDS,OrthoPediatrics,Health Care Equipment & Supplies,1.38B
KRMD,Repro-Med Systems,Health Care Equipment & Supplies,125.52M
LIVN,LivaNova,Health Care Equipment & Supplies,4.15B
LMAT,LeMaitre Vascular,Health Care Equipment & Supplies,1.14B
LNTH,Lantheus Holdings,Health Care Equipment & Supplies,1.62B
LUNG,Pulmonx,Health Care Equipment & Supplies,1.47B
MASI,Masimo,Health Care Equipment & Supplies,15.99B
MBOT,Microbot Medical,Health Care Equipment & Supplies,52.46M
MDGS,Medigus,Health Care Equipment & Supplies,36.01M
MDT,Medtronic,Health Care Equipment & Supplies,161.81B
MLAB,Mesa Laboratories,Health Care Equipment & Supplies,1.59B
MLSS,Milestone Scientific,Health Care Equipment & Supplies,135.68M
MMSI,Merit Medical Systems,Health Care Equipment & Supplies,3.66B
MOTS,Motus GI Holdings,Health Care Equipment & Supplies,31.15M
MSON,Misonix,Health Care Equipment & Supplies,462.46M
MYO,Myomo,Health Care Equipment & Supplies,58.84M
NAOV,NanoVibronix,Health Care Equipment & Supplies,35.20M
NARI,Inari Medical,Health Care Equipment & Supplies,4.53B
NDRA,ENDRA Life Sciences,Health Care Equipment & Supplies,65.72M
NEOG,Neogen Corporation,Health Care Equipment & Supplies,4.62B
NMRD,Nemaura Medical,Health Care Equipment & Supplies,147.31M
NMTC,NeuroOne Medical Technologies,Health Care Equipment & Supplies,44.29M
NNOX,Nano-X Imaging,Health Care Equipment & Supplies,1.17B
NSPR,InspireMD,Health Care Equipment & Supplies,32.85M
NTUS,Natus Medical,Health Care Equipment & Supplies,875.11M
NURO,NeuroMetrix,Health Care Equipment & Supplies,56.41M
NUVA,NuVasive,Health Care Equipment & Supplies,2.82B
NVCN,Neovasc,Health Care Equipment & Supplies,52.04M
NVCR,Novocure,Health Care Equipment & Supplies,11.21B
NVIV,Invivo Therapeutics,Health Care Equipment & Supplies,20.47M
NVRO,Nevro Corp.,Health Care Equipment & Supplies,4.05B
NVST,Envista Holdings,Health Care Equipment & Supplies,6.47B
OCDX,Ortho Clinical Diagnostics,Health Care Equipment & Supplies,4.58B
OFIX,Orthofix Medical,Health Care Equipment & Supplies,726.15M
ONEM,1Life Healthcare,Health Care Equipment & Supplies,4.33B
OSUR,OraSure Technologies,Health Care Equipment & Supplies,792.82M
PAVM,PAVmed,Health Care Equipment & Supplies,454.35M
PDEX,Pro-Dex,Health Care Equipment & Supplies,91.06M
PEN,Penumbra,Health Care Equipment & Supplies,10.41B
PETV,PetVivo Holdings,Health Care Equipment & Supplies,24.70M
PHG,Koninklijke Philips,Health Care Equipment & Supplies,43.46B
PLSE,Pulse Biosciences,Health Care Equipment & Supplies,665.54M
POAI,Predictive Oncology,Health Care Equipment & Supplies,84.38M
PODD,Insulet,Health Care Equipment & Supplies,21.26B
PROF,Profound Medical,Health Care Equipment & Supplies,273.79M
QDEL,Quidel Corporation,Health Care Equipment & Supplies,5.72B
QTNT,Quotient,Health Care Equipment & Supplies,248.89M
RMD,ResMed,Health Care Equipment & Supplies,38.61B
RMED,Ra Medical Systems,Health Care Equipment & Supplies,21.23M
RMTI,Rockwell Medical,Health Care Equipment & Supplies,52.20M
RSLS,ReShape Lifesciences,Health Care Equipment & Supplies,44.20M
RVP,Retractable Technologies,Health Care Equipment & Supplies,323.09M
RWLK,ReWalk Robotics,Health Care Equipment & Supplies,83.06M
SDC,SmileDirectClub,Health Care Equipment & Supplies,2.09B
SENS,Senseonics Holdings,Health Care Equipment & Supplies,1.61B
SIBN,"SI-BONE, Inc.",Health Care Equipment & Supplies,772.89M
SIEN,Sientra,Health Care Equipment & Supplies,339.28M
SILK,Silk Road Medical,Health Care Equipment & Supplies,2.13B
SINT,SINTX Technologies,Health Care Equipment & Supplies,30.14M
SMLR,Semler Scientific,Health Care Equipment & Supplies,1.01B
SNN,Smith & Nephew,Health Care Equipment & Supplies,15.48B
SOLY,Soliton,Health Care Equipment & Supplies,443.38M
SONX,Sonendo,Health Care Equipment & Supplies,258.00M
SPNE,SeaSpine Holdings,Health Care Equipment & Supplies,566.36M
SRDX,SurModics,Health Care Equipment & Supplies,754.36M
SRTS,Sensus Healthcare,Health Care Equipment & Supplies,67.34M
SSKN,STRATA Skin Sciences,Health Care Equipment & Supplies,62.89M
STAA,STAAR Surgical,Health Care Equipment & Supplies,5.74B
STE,Steris,Health Care Equipment & Supplies,23.52B
STIM,Neuronetics,Health Care Equipment & Supplies,141.86M
STXS,Stereotaxis,Health Care Equipment & Supplies,453.01M
SWAV,ShockWave Medical,Health Care Equipment & Supplies,7.84B
SYK,Stryker,Health Care Equipment & Supplies,101.21B
TCMD,Tactile Systems Technology,Health Care Equipment & Supplies,699.11M
TELA,TELA Bio,Health Care Equipment & Supplies,193.06M
TFX,Teleflex,Health Care Equipment & Supplies,16.81B
THMO,ThermoGenesis Holdings,Health Care Equipment & Supplies,19.89M
TMDI,Titan Medical,Health Care Equipment & Supplies,187.47M
TMDX,TransMedics Group,Health Care Equipment & Supplies,783.81M
TNDM,Tandem Diabetes Care,Health Care Equipment & Supplies,8.62B
TRIB,Trinity Biotech,Health Care Equipment & Supplies,41.80M
UTMD,Utah Medical Products,Health Care Equipment & Supplies,360.92M
VAPO,Vapotherm,Health Care Equipment & Supplies,602.32M
VIVE,Viveve Medical,Health Care Equipment & Supplies,22.88M
VIVO,Meridian Bioscience,Health Care Equipment & Supplies,824.15M
VNRX,VolitionRX,Health Care Equipment & Supplies,186.81M
VRAY,ViewRay,Health Care Equipment & Supplies,1.22B
VREX,Varex Imaging,Health Care Equipment & Supplies,1.06B
WST,West Pharmaceutical Services,Health Care Equipment & Supplies,31.61B
XAIR,Beyond Air,Health Care Equipment & Supplies,247.38M
XRAY,Dentsply Sirona,Health Care Equipment & Supplies,12.70B
XTNT,Xtant Medical Holdings,Health Care Equipment & Supplies,100.58M
ZBH,Zimmer Biomet,Health Care Equipment & Supplies,30.45B
ZSAN,Zosano Pharma,Health Care Equipment & Supplies,81.14M
ZYXI,Zynex,Health Care Equipment & Supplies,437.63M
ABC,AmerisourceBergen,Health Care Providers & Services,25.52B
ACET,Adicet Bio,Health Care Providers & Services,290.72M
ACHC,Acadia Healthcare Company,Health Care Providers & Services,5.68B
ADUS,Addus HomeCare,Health Care Providers & Services,1.53B
AHCO,AdaptHealth,Health Care Providers & Services,3.54B
AIH,Aesthetic Medical International,Health Care Providers & Services,96.85M
ALHC,Alignment Healthcare,Health Care Providers & Services,3.74B
AMED,Amedisys,Health Care Providers & Services,5.78B
AMEH,Apollo Medical Holdings,Health Care Providers & Services,3.14B
AMN,AMN Healthcare Services,Health Care Providers & Services,4.85B
AMS,American Shared Hospital Services,Health Care Providers & Services,17.02M
ANTM,Anthem,Health Care Providers & Services,104.07B
AVCO,Avalon GloboCare,Health Care Providers & Services,87.97M
BKD,Brookdale Senior Living,Health Care Providers & Services,1.28B
CAH,Cardinal Health,Health Care Providers & Services,13.80B
CCEL,Cryo-Cell International,Health Care Providers & Services,107.47M
CCM,Concord Medical Services,Health Care Providers & Services,107.67M
CCRN,Cross Country Healthcare,Health Care Providers & Services,789.87M
CHE,Chemed,Health Care Providers & Services,7.72B
CI,Cigna,Health Care Providers & Services,73.51B
CMPS,COMPASS Pathways,Health Care Providers & Services,1.80B
CNC,Centene,Health Care Providers & Services,41.86B
CO,Global Cord Blood,Health Care Providers & Services,495.93M
CRVL,CorVel,Health Care Providers & Services,3.28B
CSU,Capital Senior Living,Health Care Providers & Services,64.21M
CTEK,CynergisTek,Health Care Providers & Services,21.33M
CVET,Covetrus,Health Care Providers & Services,2.74B
CVS,CVS Health,Health Care Providers & Services,119.62B
CYH,Community Health Systems,Health Care Providers & Services,1.71B
DGX,Quest Diagnostics,Health Care Providers & Services,18.07B
DVA,DaVita,Health Care Providers & Services,10.73B
EHC,Encompass Health,Health Care Providers & Services,6.36B
ENSG,The Ensign Group,Health Care Providers & Services,4.33B
ENZ,Enzo Biochem,Health Care Providers & Services,165.77M
FLGT,Fulgent Genetics,Health Care Providers & Services,2.56B
FMS,Fresenius Medical Care,Health Care Providers & Services,19.95B
FVE,Five Star Senior Living,Health Care Providers & Services,131.17M
GH,Guardant Health,Health Care Providers & Services,12.20B
GTS,Triple-S Management,Health Care Providers & Services,840.95M
HCA,HCA Healthcare,Health Care Providers & Services,80.35B
HNGR,"Hanger, Inc.",Health Care Providers & Services,732.41M
HQY,HealthEquity,Health Care Providers & Services,5.69B
HSIC,Henry Schein,Health Care Providers & Services,10.71B
HUM,Humana,Health Care Providers & Services,59.05B
IMAC,IMAC Holdings,Health Care Providers & Services,35.45M
INFU,InfuSystem Holdings,Health Care Providers & Services,336.71M
JYNT,The Joint Corp.,Health Care Providers & Services,1.26B
LH,LabCorp,Health Care Providers & Services,27.84B
LHCG,LHC Group,Health Care Providers & Services,4.43B
MCK,McKesson,Health Care Providers & Services,32.18B
MD,"MEDNAX, Inc.",Health Care Providers & Services,2.31B
MGLN,Magellan Health,Health Care Providers & Services,2.50B
MODV,ModivCare,Health Care Providers & Services,2.29B
MOH,Molina Healthcare,Health Care Providers & Services,17.28B
NHC,National HealthCare,Health Care Providers & Services,1.09B
NRC,National Research,Health Care Providers & Services,1.17B
NVOS,Novo Integrated Sciences,Health Care Providers & Services,46.09M
OMI,Owens & Minor,Health Care Providers & Services,2.76B
OSH,Oak Street Health,Health Care Providers & Services,11.69B
OTRK,Ontrak,Health Care Providers & Services,181.52M
PDCO,Patterson Companies,Health Care Providers & Services,3.18B
PETQ,"PetIQ, Inc.",Health Care Providers & Services,747.00M
PGNY,Progyny,Health Care Providers & Services,5.54B
PINC,Premier,Health Care Providers & Services,4.83B
PMD,Psychemedics,Health Care Providers & Services,45.89M
PNTG,Pennant Group,Health Care Providers & Services,768.89M
PROG,Progenity,Health Care Providers & Services,460.61M
PRPO,Precipio,Health Care Providers & Services,59.15M
RCM,R1 RCM Inc.,Health Care Providers & Services,6.07B
RDNT,RadNet,Health Care Providers & Services,1.71B
RHE,Regional Health Properties,Health Care Providers & Services,12.14M
SEM,Select Medical Holdings,Health Care Providers & Services,4.56B
SGRY,Surgery Partners,Health Care Providers & Services,3.36B
SMED,Sharps Compliance,Health Care Providers & Services,158.76M
SSY,SunLink Health Systems,Health Care Providers & Services,16.69M
THC,Tenet Healthcare,Health Care Providers & Services,7.65B
TVTY,Tivity Health,Health Care Providers & Services,1.27B
UHS,Universal Health Services,Health Care Providers & Services,10.39B
UNH,UnitedHealth,Health Care Providers & Services,428.19B
USPH,U.S. Physical Therapy,Health Care Providers & Services,1.41B
VMD,Viemed Healthcare,Health Care Providers & Services,232.35M
XGN,Exagen,Health Care Providers & Services,195.30M
ACCD,Accolade,Health Care Technology,2.69B
CERN,Cerner,Health Care Technology,22.55B
CHNG,Change Healthcare,Health Care Technology,6.76B
CPSI,Computer Programs & Systems,Health Care Technology,528.07M
CSLT,Castlight Health,Health Care Technology,298.07M
EVH,Evolent Health,Health Care Technology,2.62B
GDRX,GoodRx Holdings,Health Care Technology,17.37B
HCAT,Health Catalyst,Health Care Technology,2.75B
HSTM,HealthStream,Health Care Technology,854.39M
HTGM,HTG Molecular Diagnostics,Health Care Technology,40.69M
ICAD,"iCAD, Inc.",Health Care Technology,262.63M
INOV,Inovalon Holdings,Health Care Technology,6.32B
INSP,Inspire Medical Systems,Health Care Technology,7.24B
MDRX,Allscripts Healthcare Solutions,Health Care Technology,1.73B
MTBC,"MTBC, Inc.",Health Care Technology,120.12M
NH,NantHealth,Health Care Technology,194.70M
NXGN,NextGen Healthcare,Health Care Technology,1.11B
OMCL,Omnicell,Health Care Technology,7.58B
OPRX,OptimizeRx,Health Care Technology,1.70B
PHR,Phreesia,Health Care Technology,3.62B
RNLX,Renalytix AI,Health Care Technology,919.26M
SDGR,Schrodinger,Health Care Technology,4.06B
SLP,Simulations Plus,Health Care Technology,1.00B
STRM,Streamline Health Solutions,Health Care Technology,79.23M
TDOC,Teladoc Health,Health Care Technology,24.25B
TRHC,Tabula Rasa HealthCare,Health Care Technology,697.64M
VCRA,Vocera Communications,Health Care Technology,1.99B
VEEV,Veeva Systems,Health Care Technology,48.30B
WORX,SCWorx,Health Care Technology,19.18M
AGTI,Agiliti,Health Information Services,3.07B
AMWL,Amwell,Health Information Services,2.31B
CMAX,CareMax,Health Information Services,803.69M
CNVY,Convey Holding Parent,Health Information Services,551.25M
DH,Definitive Healthcare,Health Information Services,3.52B
DOCS,Doximity,Health Information Services,13.69B
FORA,Forian,Health Information Services,330.47M
HCTI,Healthcare Triangle,Health Information Services,98.88M
HLTH,Cue Health,Health Information Services,1.49B
PRVA,Privia Health Group,Health Information Services,2.73B
SGFY,Signify Health,Health Information Services,2.85B
SHCR,Sharecare,Health Information Services,2.49B
SLGC,SomaLogic,Health Information Services,2.28B
SMFR,Sema4 Holdings,Health Information Services,1.99B
SNCE,Science 37,Health Information Services,37.01M
SOPH,SOPHiA GENETICS,Health Information Services,894.01M
UPH,UpHealth,Health Information Services,247.81M
UTRS,Minerva Surgical,Health Information Services,264.83M
ZCMD,Zhongchao,Health Information Services,40.80M
BHG,Bright Health Group,Healthcare Plans,5.36B
CLOV,Clover Health,Healthcare Plans,3.35B
MPLN,MultiPlan,Healthcare Plans,3.03B
MRAI,Marpai,Healthcare Plans,100.07M
OSCR,Oscar Health,Healthcare Plans,3.56B
LESL,Leslie's,Home Improvement Retail,3.99B
ABNB,Airbnb,"Hotels, Restaurants & Leisure",109.76B
ACEL,Accel Entertainment,"Hotels, Restaurants & Leisure",1.26B
AESE,Allied Esports Entertainment,"Hotels, Restaurants & Leisure",72.80M
AGS,PlayAGS,"Hotels, Restaurants & Leisure",329.35M
ARCO,Arcos Dorados Holdings,"Hotels, Restaurants & Leisure",976.64M
ARKR,Ark Restaurants,"Hotels, Restaurants & Leisure",57.62M
ARMK,Aramark,"Hotels, Restaurants & Leisure",9.54B
BALY,Bally's Corporation,"Hotels, Restaurants & Leisure",2.57B
BBQ,BBQ Holdings,"Hotels, Restaurants & Leisure",140.36M
BDL,Flanigan's Enterprises,"Hotels, Restaurants & Leisure",55.74M
BH,Biglari Holdings,"Hotels, Restaurants & Leisure",524.75M
BJRI,BJ's Restaurants,"Hotels, Restaurants & Leisure",800.93M
BLMN,Bloomin' Brands,"Hotels, Restaurants & Leisure",2.01B
BVH,Bluegreen Vacations,"Hotels, Restaurants & Leisure",575.07M
BYD,Boyd Gaming,"Hotels, Restaurants & Leisure",7.35B
CAKE,Cheesecake Factory,"Hotels, Restaurants & Leisure",2.22B
CBRL,Cracker Barrel,"Hotels, Restaurants & Leisure",3.22B
CCL,Carnival,"Hotels, Restaurants & Leisure",26.89B
CHDN,Churchill Downs,"Hotels, Restaurants & Leisure",9.21B
CHH,Choice Hotels International,"Hotels, Restaurants & Leisure",7.90B
CHUY,Chuy's Holdings,"Hotels, Restaurants & Leisure",617.51M
CMG,Chipotle Mexican Grill,"Hotels, Restaurants & Leisure",50.68B
CNTY,Century Casinos,"Hotels, Restaurants & Leisure",461.51M
CPHC,Canterbury Park Holding,"Hotels, Restaurants & Leisure",76.67M
CUK,Carnival,"Hotels, Restaurants & Leisure",24.89B
CZR,Caesars Entertainment,"Hotels, Restaurants & Leisure",23.92B
DENN,Denny's,"Hotels, Restaurants & Leisure",1.04B
DIN,Dine Brands Global,"Hotels, Restaurants & Leisure",1.48B
DKNG,DraftKings,"Hotels, Restaurants & Leisure",19.78B
DPZ,Domino's Pizza,"Hotels, Restaurants & Leisure",17.72B
DRI,Darden Restaurants,"Hotels, Restaurants & Leisure",19.21B
DS,Drive Shack,"Hotels, Restaurants & Leisure",247.71M
DVD,Dover Motorsports,"Hotels, Restaurants & Leisure",82.00M
EAT,Brinker International,"Hotels, Restaurants & Leisure",1.93B
EVRI,Everi Holdings,"Hotels, Restaurants & Leisure",2.25B
FAT,FAT Brands,"Hotels, Restaurants & Leisure",159.51M
FATBB,FAT Brands,"Hotels, Restaurants & Leisure",158.78M
FLL,Full House Resorts,"Hotels, Restaurants & Leisure",352.54M
FRGI,Fiesta Restaurant Group,"Hotels, Restaurants & Leisure",288.41M
FUN,Cedar Fair,"Hotels, Restaurants & Leisure",2.67B
GDEN,Golden Entertainment,"Hotels, Restaurants & Leisure",1.53B
GHG,GreenTree Hospitality Group,"Hotels, Restaurants & Leisure",883.14M
GMBL,Esports Entertainment,"Hotels, Restaurants & Leisure",129.05M
GTIM,Good Times Restaurants,"Hotels, Restaurants & Leisure",62.41M
H,Hyatt Hotels,"Hotels, Restaurants & Leisure",9.42B
HGV,Hilton Grand Vacations,"Hotels, Restaurants & Leisure",6.21B
HLT,Hilton Worldwide,"Hotels, Restaurants & Leisure",40.35B
HTHT,Huazhu Group,"Hotels, Restaurants & Leisure",30.65B
IGT,International Game Technology,"Hotels, Restaurants & Leisure",6.54B
IHG,InterContinental Hotels Group,"Hotels, Restaurants & Leisure",13.15B
INSE,Inspired Entertainment,"Hotels, Restaurants & Leisure",332.68M
JACK,Jack in the Box,"Hotels, Restaurants & Leisure",2.16B
KRUS,Kura Sushi USA,"Hotels, Restaurants & Leisure",440.83M
LIND,Lindblad Expeditions,"Hotels, Restaurants & Leisure",782.62M
LOCO,El Pollo Loco,"Hotels, Restaurants & Leisure",548.83M
LUB,"Luby's, Inc.","Hotels, Restaurants & Leisure",158.26M
LVS,Las Vegas Sands,"Hotels, Restaurants & Leisure",31.34B
MAR,Marriott International,"Hotels, Restaurants & Leisure",52.70B
MCD,McDonald's,"Hotels, Restaurants & Leisure",187.13B
MCRI,Monarch Casino & Resort,"Hotels, Restaurants & Leisure",1.36B
MGM,MGM Resorts,"Hotels, Restaurants & Leisure",23.36B
MLCO,Melco Resorts & Entertainment,"Hotels, Restaurants & Leisure",5.47B
MSC,Studio City International,"Hotels, Restaurants & Leisure",975.41M
MTN,Vail Resorts,"Hotels, Restaurants & Leisure",14.36B
NATH,Nathan's Famous,"Hotels, Restaurants & Leisure",253.64M
NCLH,Norwegian Cruise Line,"Hotels, Restaurants & Leisure",10.02B
NDLS,Noodles & Company,"Hotels, Restaurants & Leisure",561.76M
NGMS,NeoGames,"Hotels, Restaurants & Leisure",990.97M
PBPB,Potbelly Corporation,"Hotels, Restaurants & Leisure",177.17M
PENN,Penn National Gaming,"Hotels, Restaurants & Leisure",12.66B
PLAY,Dave & Buster's,"Hotels, Restaurants & Leisure",1.84B
PLNT,Planet Fitness,"Hotels, Restaurants & Leisure",6.90B
PLYA,Playa Hotels & Resorts,"Hotels, Restaurants & Leisure",1.42B
PZZA,Papa John's,"Hotels, Restaurants & Leisure",4.60B
QSR,Restaurant Brands International,"Hotels, Restaurants & Leisure",18.19B
RAVE,Rave Restaurant Group,"Hotels, Restaurants & Leisure",22.87M
RCL,Royal Caribbean Cruises,"Hotels, Restaurants & Leisure",22.48B
RICK,RCI Hospitality Holdings,"Hotels, Restaurants & Leisure",624.32M
RRGB,Red Robin Gourmet Burgers,"Hotels, Restaurants & Leisure",327.88M
RRR,Red Rock Resorts,"Hotels, Restaurants & Leisure",3.85B
RUTH,Ruth's Hospitality Group,"Hotels, Restaurants & Leisure",661.08M
SBUX,Starbucks,"Hotels, Restaurants & Leisure",129.47B
SEAS,SeaWorld Entertainment,"Hotels, Restaurants & Leisure",5.16B
SGMS,Scientific Games,"Hotels, Restaurants & Leisure",8.26B
SHAK,Shake Shack,"Hotels, Restaurants & Leisure",2.91B
SIX,Six Flags Entertainment,"Hotels, Restaurants & Leisure",3.57B
STKS,ONE Group Hospitality,"Hotels, Restaurants & Leisure",441.98M
TACO,Del Taco Restaurants,"Hotels, Restaurants & Leisure",308.97M
TAST,Carrols Restaurant Group,"Hotels, Restaurants & Leisure",192.28M
TH,Target Hospitality,"Hotels, Restaurants & Leisure",425.64M
TNL,Travel+Leisure,"Hotels, Restaurants & Leisure",4.88B
TOUR,Tuniu Corporation,"Hotels, Restaurants & Leisure",166.75M
TXRH,Texas Roadhouse,"Hotels, Restaurants & Leisure",6.50B
VAC,Marriott Vacations Worldwide,"Hotels, Restaurants & Leisure",6.97B
WEN,Wendy's,"Hotels, Restaurants & Leisure",5.08B
WH,Wyndham Hotels & Resorts,"Hotels, Restaurants & Leisure",7.89B
WING,Wingstop,"Hotels, Restaurants & Leisure",5.17B
WYNN,Wynn Resorts,"Hotels, Restaurants & Leisure",10.84B
YUM,Yum! Brands,"Hotels, Restaurants & Leisure",37.41B
YUMC,Yum China,"Hotels, Restaurants & Leisure",24.69B
EWCZ,European Wax Center,Household & Personal Products,1.02B
HIMS,Hims & Hers Health,Household & Personal Products,1.67B
SKIN,Beauty Health Co.,Household & Personal Products,3.72B
BLD,TopBuild,Household Durables,8.67B
BSET,Bassett Furniture Industries,Household Durables,170.24M
BZH,Beazer Homes USA,Household Durables,574.87M
CCS,Century Communities,Household Durables,2.31B
CHCI,Comstock Holding Companies,Household Durables,36.69M
CTIB,Yunhong CTI,Household Durables,11.60M
CVCO,Cavco Industries,Household Durables,2.24B
DHI,D.R. Horton,Household Durables,32.34B
DXYN,Dixie Group,Household Durables,75.53M
FLXS,Flexsteel Industries,Household Durables,189.70M
GPRO,GoPro,Household Durables,1.35B
GRBK,Green Brick Partners,Household Durables,1.35B
GRMN,Garmin,Household Durables,27.18B
HBB,Hamilton Beach Brands,Household Durables,214.00M
HEAR,Turtle Beach,Household Durables,455.61M
HELE,Helen of Troy,Household Durables,5.42B
HOFT,Hooker Furniture,Household Durables,308.00M
HOV,Hovnanian Enterprises,Household Durables,546.17M
IBP,Installed Building Products,Household Durables,3.93B
IRBT,iRobot Corporation,Household Durables,2.48B
KBH,KB Home,Household Durables,3.64B
KOSS,Koss Corporation,Household Durables,145.24M
LCUT,Lifetime Brands,Household Durables,391.28M
LEG,Leggett & Platt,Household Durables,6.41B
LEGH,Legacy Housing,Household Durables,438.92M
LEN,Lennar,Household Durables,30.62B
LGIH,LGI Homes,Household Durables,3.81B
LIVE,Live Ventures,Household Durables,50.41M
LOVE,Lovesac,Household Durables,1.22B
LZB,La-Z-Boy Incorporated,Household Durables,1.54B
MDC,M.D.C. Holdings,Household Durables,3.54B
MHK,Mohawk Industries,Household Durables,12.67B
MHO,M/I Homes,Household Durables,1.73B
MSN,Emerson Radio,Household Durables,25.88M
MTH,Meritage Homes,Household Durables,4.07B
NEPH,Nephros,Household Durables,77.65M
NTZ,Natuzzi,Household Durables,188.69M
NVFY,Nova Lifestyle,Household Durables,15.78M
NVR,"NVR, Inc.",Household Durables,17.31B
NWL,Newell Brands,Household Durables,10.02B
PFIN,P&F Industries,Household Durables,21.86M
PHM,PulteGroup,Household Durables,12.33B
PRPL,Purple Innovation,Household Durables,1.29B
SKY,Skyline Champion,Household Durables,3.75B
SONO,"Sonos, Inc.",Household Durables,4.37B
SONY,Sony Group,Household Durables,150.37B
TMHC,Taylor Morrison Home,Household Durables,3.88B
TOL,Toll Brothers,Household Durables,7.44B
TPH,TRI Pointe Group,Household Durables,2.74B
TPX,Tempur Sealy International,Household Durables,8.85B
TUP,Tupperware Brands,Household Durables,1.19B
UEIC,Universal Electronics,Household Durables,575.21M
VIOT,Viomi Technology,Household Durables,332.53M
VOXX,VOXX International,Household Durables,284.60M
VUZI,Vuzix,Household Durables,899.07M
VZIO,VIZIO Holding,Household Durables,3.83B
WHR,Whirlpool,Household Durables,13.03B
CENT,Central Garden & Pet,Household Products,2.74B
CENTA,Central Garden & Pet,Household Products,2.73B
CHD,Church & Dwight,Household Products,21.52B
CL,Colgate-Palmolive,Household Products,64.06B
CLX,Clorox,Household Products,20.07B
ENR,Energizer Holdings,Household Products,2.55B
KMB,Kimberly-Clark,Household Products,43.87B
OBCI,Ocean Bio-Chem,Household Products,94.86M
ODC,Oil-Dri Corporation of America,Household Products,258.41M
PG,Procter & Gamble,Household Products,345.18B
SPB,Spectrum Brands Holdings,Household Products,3.99B
WDFC,WD-40 Company,Household Products,3.05B
ACN,Accenture,IT Services,224.43B
ADP,Automatic Data Processing,IT Services,93.74B
ADS,Alliance Data Systems,IT Services,4.52B
AFRM,Affirm Holdings,IT Services,42.40B
AKAM,Akamai Technologies,IT Services,17.16B
ALJJ,ALJ Regional Holdings,IT Services,46.98M
ALYA,Alithya Group,IT Services,235.65M
AVCT,American Virtual Cloud Technologies,IT Services,156.48M
BAH,Booz Allen Hamilton,IT Services,11.84B
BCOV,Brightcove,IT Services,408.44M
BIGC,BigCommerce,IT Services,3.33B
BKI,Black Knight,IT Services,11.11B
BR,Broadridge Financial Solutions,IT Services,20.61B
CACI,CACI International,IT Services,6.82B
CASS,Cass Information Systems,IT Services,608.59M
CLPS,CLPS Inc.,IT Services,62.43M
CNDT,Conduent,IT Services,1.51B
CNXC,Concentrix,IT Services,9.40B
CSGS,CSG Systems International,IT Services,1.67B
CSPI,CSP Inc.,IT Services,37.47M
CTG,Computer Task Group,IT Services,119.56M
CTSH,Cognizant,IT Services,40.97B
CXDO,Crexendo,IT Services,115.34M
DAVA,Endava,IT Services,9.93B
DOX,Amdocs,IT Services,9.89B
DXC,DXC Technology,IT Services,8.41B
EEFT,Euronet Worldwide,IT Services,6.13B
EPAM,EPAM Systems,IT Services,37.36B
EVOP,EVO Payments,IT Services,1.05B
EVTC,Evertec,IT Services,3.36B
EXLS,ExlService Holdings,IT Services,4.12B
FIS,Fidelity National Information Services,IT Services,70.42B
FISV,Fiserv,IT Services,67.54B
FLT,FleetCor Technologies,IT Services,20.67B
FORTY,Formula Systems (1985) Ltd.,IT Services,1.72B
FOUR,Shift4 Payments,IT Services,5.29B
FSLY,Fastly,IT Services,6.00B
G,Genpact,IT Services,9.28B
GDDY,GoDaddy,IT Services,11.72B
GDS,GDS Holdings,IT Services,11.82B
GDYN,Grid Dynamics Holdings,IT Services,1.81B
GIB,"CGI, Inc",IT Services,21.93B
GPN,Global Payments,IT Services,42.83B
GSKY,GreenSky,IT Services,1.00B
HCKT,Hackett Group,IT Services,629.05M
HUGE,FSD Pharma,IT Services,56.81M
IBM,International Business Machines,IT Services,113.19B
III,Information Services Group,IT Services,388.68M
IIIV,i3 Verticals,IT Services,496.07M
IMXI,International Money Express,IT Services,654.54M
INFY,Infosys,IT Services,94.23B
INOD,Innodata,IT Services,293.77M
INPX,Inpixon,IT Services,100.95M
IT,Gartner,IT Services,27.47B
JKHY,Jack Henry & Associates,IT Services,12.29B
KBR,"KBR, Inc.",IT Services,5.94B
KC,Kingsoft Cloud Holdings,IT Services,5.92B
LDOS,Leidos Holdings,IT Services,14.32B
LLNW,Limelight Networks,IT Services,417.58M
MA,Mastercard,IT Services,328.22B
MANT,ManTech International,IT Services,3.57B
MARA,Marathon Digital Holdings,IT Services,5.53B
MDB,MongoDB,IT Services,32.97B
MGI,MoneyGram International,IT Services,560.02M
MMS,Maximus,IT Services,5.32B
OKTA,"Okta, Inc",IT Services,38.70B
PAGS,PagSeguro Digital,IT Services,12.00B
PAYS,PaySign,IT Services,140.56M
PAYX,Paychex,IT Services,43.85B
PFSW,PFSweb,IT Services,274.72M
PRFT,Perficient,IT Services,4.08B
PRTH,Priority Technology,IT Services,405.94M
PYPL,PayPal,IT Services,271.76B
QIWI,Qiwi PLC,IT Services,566.93M
RAMP,LiveRamp Holdings,IT Services,3.73B
RPAY,Repay Holdings,IT Services,1.93B
RSSS,Research Solutions,IT Services,68.23M
SABR,Sabre Corporation,IT Services,3.48B
SAIC,Science Applications International,IT Services,5.27B
SHOP,Shopify,IT Services,190.31B
SNOW,Snowflake,IT Services,107.64B
SQ,Square,IT Services,117.39B
SREV,ServiceSource International,IT Services,127.24M
SRT,Startek,IT Services,234.60M
STCN,Steel Connect,IT Services,113.57M
STNE,StoneCo,IT Services,10.47B
SWCH,"Switch, Inc.",IT Services,3.60B
TAOP,Taoping,IT Services,47.61M
TCX,Tucows,IT Services,884.47M
TSRI,"TSR, Inc.",IT Services,19.52M
TTEC,TTEC Holdings,IT Services,4.56B
TWLO,Twilio,IT Services,53.61B
UEPS,Net 1 UEPS Technologies,IT Services,325.45M
UIS,Unisys,IT Services,1.72B
USIO,"Usio, Inc.",IT Services,161.66M
V,"Visa, Inc",IT Services,463.78B
VNET,21Vianet Group,IT Services,2.47B
VRRM,Verra Mobility,IT Services,2.42B
VRSN,VeriSign,IT Services,24.78B
WEX,WEX Inc.,IT Services,6.88B
WIT,Wipro,IT Services,49.01B
WIX,Wix.com,IT Services,10.94B
WNS,WNS (Holdings) Limited,IT Services,4.37B
WU,Western Union,IT Services,7.63B
WYY,WidePoint,IT Services,49.23M
XELA,Exela Technologies,IT Services,342.37M
AES,AES Corporation,Independent Power and Renewable Elect...,16.91B
AY,Atlantica Sustainable Infrastructure,Independent Power and Renewable Elect...,4.44B
AZRE,Azure Power Global,Independent Power and Renewable Elect...,1.17B
BEP,Brookfield Renewable Partners,Independent Power and Renewable Elect...,11.21B
BEPC,Brookfield Renewable Corporation,Independent Power and Renewable Elect...,7.34B
CEPU,Central Puerto,Independent Power and Renewable Elect...,542.09M
CWEN,Clearway Energy,Independent Power and Renewable Elect...,4.14B
CWEN.A,Clearway Energy,Independent Power and Renewable Elect...,4.12B
DYN,Dyne Therapeutics,Independent Power and Renewable Elect...,745.08M
ELLO,Ellomay Capital,Independent Power and Renewable Elect...,394.68M
HNP,Huaneng Power International,Independent Power and Renewable Elect...,8.09B
KEN,Kenon Holdings,Independent Power and Renewable Elect...,2.29B
NEP,NextEra Energy Partners,Independent Power and Renewable Elect...,6.67B
NOVA,Sunnova Energy,Independent Power and Renewable Elect...,4.94B
NRG,NRG Energy,Independent Power and Renewable Elect...,9.90B
ORA,Ormat Technologies,Independent Power and Renewable Elect...,4.19B
TAC,TransAlta,Independent Power and Renewable Elect...,3.05B
VST,Vistra Energy,Independent Power and Renewable Elect...,9.66B
VVPR,VivoPower International,Independent Power and Renewable Elect...,106.72M
CSL,Carlisle Companies,Industrial Conglomerates,11.81B
GE,General Electric,Industrial Conglomerates,116.66B
HON,Honeywell,Industrial Conglomerates,151.29B
IEP,Icahn Enterprises,Industrial Conglomerates,15.23B
MMM,3M Company,Industrial Conglomerates,103.48B
RAVN,Raven Industries,Industrial Conglomerates,2.08B
ROP,Roper Technologies,Industrial Conglomerates,50.52B
SPLP,Steel Partners Holdings,Industrial Conglomerates,629.72M
CNM,Core & Main,Industrial Distribution,6.83B
FERG,Ferguson,Industrial Distribution,34.06B
BTCM,BIT Mining,Information Technology Services,625.17M
CD,Chindata Group,Information Technology Services,3.67B
CTLP,Cantaloupe,Information Technology Services,904.43M
CYXT,Cyxtera Technologies,Information Technology Services,1.65B
DTST,Data Storage Corporation,Information Technology Services,27.23M
FLYW,Flywire,Information Technology Services,4.96B
GB,Global Blue,Information Technology Services,1.59B
MIGI,Mawson Infrastructure Group,Information Technology Services,793.51M
NABL,N-able,Information Technology Services,2.45B
NXTP,NextPlay Technologies,Information Technology Services,131.38M
PSFE,Paysafe,Information Technology Services,5.76B
TASK,TaskUs,Information Technology Services,5.82B
TRIT,Triterras Fintech,Information Technology Services,622.31M
TWKS,Thoughtworks Holding,Information Technology Services,9.05B
AAME,Atlantic American,Insurance,86.95M
ACGL,Arch Capital Group,Insurance,16.49B
AEG,Aegon,Insurance,10.35B
AEL,American Equity Investment Life,Insurance,3.10B
AFG,American Financial Group,Insurance,11.52B
AFL,Aflac,Insurance,36.30B
AGO,Assured Guaranty,Insurance,4.14B
AIG,American International Group,Insurance,51.47B
AIZ,Assurant,Insurance,9.50B
AJG,Arthur J. Gallagher,Insurance,33.68B
ALL,Allstate,Insurance,36.52B
AMBC,Ambac Financial Group,Insurance,790.31M
AMSF,"AMERISAFE, Inc.",Insurance,1.19B
ANAT,American National Insurance,Insurance,5.12B
AON,Aon plc,Insurance,69.27B
ARGO,Argo Group International,Insurance,1.95B
ATH,Athene Holding,Insurance,16.56B
AXS,AXIS Capital Holdings,Insurance,4.56B
BHF,Brighthouse Financial,Insurance,4.33B
BRO,Brown & Brown,Insurance,17.47B
BRP,BRP Group,Insurance,3.99B
CB,Chubb,Insurance,82.84B
CIA,Citizens,Insurance,327.08M
CINF,Cincinnati Financial,Insurance,19.42B
CNA,CNA Financial,Insurance,12.49B
CNFR,Conifer Holdings,Insurance,26.47M
CNO,CNO Financial Group,Insurance,3.19B
DGICA,Donegal Group,Insurance,454.35M
DGICB,Donegal Group,Insurance,448.37M
EHTH,eHealth,Insurance,1.20B
EIG,Employers Holdings,Insurance,1.10B
ERIE,Erie Indemnity,Insurance,10.81B
ESGR,Enstar Group,Insurance,4.29B
FAF,First American Financial,Insurance,8.00B
FANH,Fanhua,Insurance,709.31M
FGF,FG Financial Group,Insurance,25.66M
FNF,Fidelity National Financial,Insurance,13.72B
FNHC,FedNat Holding,Insurance,46.58M
FSR,Fisker,Insurance,5.18B
GBLI,Global Indemnity,Insurance,377.47M
GL,Globe Life,Insurance,9.31B
GLRE,Greenlight Capital Re,Insurance,254.30M
GNW,Genworth Financial,Insurance,2.23B
GSHD,Goosehead Insurance,Insurance,5.15B
HALL,Hallmark Financial Services,Insurance,62.14M
HCI,HCI Group,Insurance,1.15B
HIG,Hartford Financial Services,Insurance,25.39B
HMN,Horace Mann Educators,Insurance,1.67B
HRTG,Heritage Insurance Holdings,Insurance,189.32M
ICCH,ICC Holdings,Insurance,55.91M
IHC,Independence Holding,Insurance,721.97M
ITIC,Investors Title Company,Insurance,372.02M
JRVR,James River Group Holdings,Insurance,1.20B
KFS,Kingsway Financial Services,Insurance,121.53M
KINS,Kingstone Companies,Insurance,59.37M
KMPR,Kemper Corporation,Insurance,4.07B
KNSL,Kinsale Capital Group,Insurance,4.42B
L,Loews,Insurance,14.69B
LFC,China Life Insurance,Insurance,112.71B
LMND,Lemonade,Insurance,4.06B
LNC,Lincoln National,Insurance,13.93B
MBI,MBIA Inc.,Insurance,856.35M
MCY,Mercury General,Insurance,3.07B
MET,MetLife,Insurance,54.97B
MFC,Manulife Financial,Insurance,38.40B
MHLD,Maiden Holdings,Insurance,280.87M
MKL,Markel,Insurance,18.06B
MMC,Marsh & McLennan,Insurance,82.19B
NODK,NI Holdings,Insurance,419.96M
NSEC,National Security Group,Insurance,25.61M
NWLI,National Western Life Group,Insurance,778.84M
ORI,Old Republic International,Insurance,8.05B
OXBR,Oxbridge Re Holdings,Insurance,19.78M
PFG,Principal Financial Group,Insurance,17.98B
PGR,Progressive,Insurance,55.40B
PLMR,Palomar Holdings,Insurance,2.29B
PRA,ProAssurance,Insurance,1.29B
PRI,Primerica,Insurance,6.85B
PRU,Prudential Financial,Insurance,42.97B
PUK,Prudential,Insurance,57.22B
RE,Everest Re Group,Insurance,10.58B
RGA,Reinsurance Group of America,Insurance,8.26B
RLI,RLI Corp.,Insurance,4.98B
RNR,RenaissanceRe Holdings,Insurance,6.80B
SAFT,Safety Insurance Group,Insurance,1.18B
SIGI,Selective Insurance Group,Insurance,4.69B
SLF,Sun Life Financial,Insurance,33.60B
STC,Stewart Information Services,Insurance,1.92B
STFC,State Auto Financial,Insurance,2.27B
THG,Hanover Insurance Group,Insurance,4.51B
TIPT,Tiptree,Insurance,532.57M
TRUP,Trupanion,Insurance,4.20B
TRV,Travelers,Insurance,39.39B
UFCS,United Fire Group,Insurance,556.35M
UIHC,United Insurance Holdings,Insurance,178.44M
UNAM,Unico American,Insurance,18.39M
UNM,Unum Group,Insurance,5.37B
UVE,Universal Insurance Holdings,Insurance,458.48M
VERY,Vericity,Insurance,124.35M
WLTW,Willis Towers Watson,Insurance,29.61B
WRB,W.R. Berkley,Insurance,14.14B
WTM,White Mountains Insurance Group,Insurance,3.42B
Y,Alleghany,Insurance,9.11B
CRD.A,Crawford & Company,Insurance Brokers,458.50M
CRD.B,Crawford & Company,Insurance Brokers,450.70M
GOCO,GoHealth,Insurance Brokers,1.83B
HUIZ,Huize Holding,Insurance Brokers,104.91M
RELI,Reliance Global Group,Insurance Brokers,27.25M
SLQT,SelectQuote,Insurance Brokers,2.29B
TIRX,Tian Ruixiang Holdings,Insurance Brokers,41.05M
IGIC,International General Insurance,Insurance-Diversified,420.41M
WDH,Waterdrop,Insurance-Diversified,831.61M
MDWT,Midwest Holding,Insurance-Life,145.76M
MILE,Metromile,Insurance-Property & Casualty,413.13M
ROOT,"Root, Inc.",Insurance-Property & Casualty,1.26B
SPNT,SiriusPoint,Insurance-Reinsurance,1.56B
ACT,Enact Holdings,Insurance-Specialty,3.76B
HIPO,Hippo Holdings,Insurance-Specialty,2.42B
RYAN,Ryan Specialty Group,Insurance-Specialty,4.09B
ANGI,ANGI Homeservices,Interactive Media & Services,6.38B
ATHM,Autohome,Interactive Media & Services,5.08B
ATY,AcuityAds,Interactive Media & Services,0.00
AUTO,AutoWeb,Interactive Media & Services,43.36M
BIDU,"Baidu, Inc",Interactive Media & Services,60.88B
CARG,Cargurus,Interactive Media & Services,3.94B
CARS,Cars.com,Interactive Media & Services,933.09M
DHX,DHI Group,Interactive Media & Services,238.14M
DUO,Fangdd Network Group,Interactive Media & Services,83.84M
EB,Eventbrite,Interactive Media & Services,2.01B
EVER,EverQuote,Interactive Media & Services,416.95M
FB,Facebook,Interactive Media & Services,917.93B
FENG,Phoenix New Media,Interactive Media & Services,102.80M
GENI,Genius Sports,Interactive Media & Services,3.78B
GOOG,Alphabet,Interactive Media & Services,"1,907.13B"
GOOGL,Alphabet,Interactive Media & Services,"1,906.35B"
IAC,IAC/InterActiveCorp,Interactive Media & Services,13.76B
IZEA,IZEA Worldwide,Interactive Media & Services,131.39M
JFU,9F Inc.,Interactive Media & Services,309.34M
KRKR,36Kr Holdings,Interactive Media & Services,64.39M
LKCO,Luokung Technology,Interactive Media & Services,478.00M
LOV,Spark Networks SE,Interactive Media & Services,72.13M
LTRPA,Liberty TripAdvisor Holdings,Interactive Media & Services,335.81M
LTRPB,Liberty TripAdvisor Holdings,Interactive Media & Services,316.35M
MOMO,Hello Group,Interactive Media & Services,2.68B
MTCH,Match Group,Interactive Media & Services,43.51B
PINS,Pinterest,Interactive Media & Services,29.18B
QNST,QuinStreet,Interactive Media & Services,777.24M
QTT,Qutoutiao,Interactive Media & Services,286.08M
SFUN,Fang Holdings,Interactive Media & Services,52.68M
SLGG,Super League Gaming,Interactive Media & Services,136.67M
SNAP,"Snap, Inc.",Interactive Media & Services,86.90B
SOHU,Sohu.com,Interactive Media & Services,824.65M
SY,So-Young International,Interactive Media & Services,428.28M
TKAT,Takung Art,Interactive Media & Services,81.58M
TRIP,TripAdvisor,Interactive Media & Services,4.51B
TRUE,TrueCar,Interactive Media & Services,406.79M
TRVG,Trivago,Interactive Media & Services,944.65M
TWTR,Twitter,Interactive Media & Services,44.07B
TZOO,Travelzoo,Interactive Media & Services,118.80M
WB,Weibo,Interactive Media & Services,10.55B
YALA,Yalla Group,Interactive Media & Services,954.26M
YELP,Yelp Inc.,Interactive Media & Services,2.93B
YNDX,Yandex,Interactive Media & Services,29.57B
YQ,17 Education & Technology,Interactive Media & Services,164.08M
YY,JOYY Inc.,Interactive Media & Services,4.05B
Z,Zillow,Interactive Media & Services,24.77B
ZDGE,"Zedge, Inc.",Interactive Media & Services,170.66M
ZG,Zillow,Interactive Media & Services,24.14B
ZI,ZoomInfo Technologies,Interactive Media & Services,15.25B
AMZN,Amazon,Internet & Direct Marketing Retail,"1,682.28B"
APRN,Blue Apron,Internet & Direct Marketing Retail,232.35M
BABA,Alibaba Group,Internet & Direct Marketing Retail,468.87B
BKNG,Booking Holdings,Internet & Direct Marketing Retail,102.23B
BWMX,Betterware de Mexico,Internet & Direct Marketing Retail,1.02B
BZUN,Baozun,Internet & Direct Marketing Retail,1.44B
CANG,Cango Inc.,Internet & Direct Marketing Retail,642.20M
CHWY,Chewy,Internet & Direct Marketing Retail,31.21B
DADA,Dada Nexus,Internet & Direct Marketing Retail,5.23B
DASH,DoorDash,Internet & Direct Marketing Retail,66.89B
DESP,Despegar.com,Internet & Direct Marketing Retail,781.61M
DLTH,Duluth Holdings,Internet & Direct Marketing Retail,491.55M
EBAY,eBay Inc.,Internet & Direct Marketing Retail,47.76B
ETSY,"Etsy, Inc.",Internet & Direct Marketing Retail,30.84B
EXPE,Expedia,Internet & Direct Marketing Retail,25.22B
FLWS,1-800-Flowers.com,Internet & Direct Marketing Retail,2.06B
FTCH,Farfetch,Internet & Direct Marketing Retail,14.92B
FVRR,Fiverr International,Internet & Direct Marketing Retail,6.34B
GRPN,Groupon,Internet & Direct Marketing Retail,670.21M
GRUB,Grubhub,Internet & Direct Marketing Retail,15.58B
IMBI,iMedia Brands,Internet & Direct Marketing Retail,130.48M
JD,JD.com,Internet & Direct Marketing Retail,131.13B
JMIA,Jumia Technologies AG,Internet & Direct Marketing Retail,1.90B
LE,Lands' End,Internet & Direct Marketing Retail,864.10M
LEJU,Leju Holdings,Internet & Direct Marketing Retail,188.78M
LITB,LightInTheBox,Internet & Direct Marketing Retail,176.00M
LQDT,Liquidity Services,Internet & Direct Marketing Retail,734.62M
MARK,Remark Holdings,Internet & Direct Marketing Retail,201.81M
MELI,MercadoLibre,Internet & Direct Marketing Retail,74.05B
MGNI,Magnite,Internet & Direct Marketing Retail,3.64B
MMYT,MakeMyTrip,Internet & Direct Marketing Retail,3.45B
MOGU,"Mogu, Inc.",Internet & Direct Marketing Retail,99.02M
MOHO,ECMOHO Limited,Internet & Direct Marketing Retail,31.53M
MOXC,Moxian,Internet & Direct Marketing Retail,119.34M
OSTK,Overstock.com,Internet & Direct Marketing Retail,4.07B
OZON,Ozon Holdings,Internet & Direct Marketing Retail,9.24B
PCOM,Points International,Internet & Direct Marketing Retail,262.04M
PDD,Pinduoduo,Internet & Direct Marketing Retail,117.16B
PETS,PetMed Express,Internet & Direct Marketing Retail,610.70M
POSH,Poshmark,Internet & Direct Marketing Retail,1.81B
PRTS,CarParts.com,Internet & Direct Marketing Retail,790.56M
PUBM,PubMatic,Internet & Direct Marketing Retail,1.48B
QRTEA,Qurate Retail,Internet & Direct Marketing Retail,4.45B
QRTEB,Qurate Retail,Internet & Direct Marketing Retail,4.55B
QUOT,Quotient Technology,Internet & Direct Marketing Retail,628.67M
REAL,"RealReal, Inc",Internet & Direct Marketing Retail,1.22B
RMBL,RumbleOn,Internet & Direct Marketing Retail,601.61M
RVLV,Revolve Group,Internet & Direct Marketing Retail,5.35B
SECO,Secoo Holding,Internet & Direct Marketing Retail,79.84M
SFIX,Stitch Fix,Internet & Direct Marketing Retail,3.75B
SSTK,Shutterstock,Internet & Direct Marketing Retail,4.42B
TCOM,Trip.com Group,Internet & Direct Marketing Retail,19.03B
UXIN,Uxin Limited,Internet & Direct Marketing Retail,969.61M
VIPS,Vipshop Holdings,Internet & Direct Marketing Retail,8.06B
W,Wayfair,Internet & Direct Marketing Retail,26.24B
WISH,ContextLogic,Internet & Direct Marketing Retail,3.42B
WTRH,Waitr Holdings,Internet & Direct Marketing Retail,222.94M
YJ,Yunji,Internet & Direct Marketing Retail,187.71M
YTRA,Yatra Online,Internet & Direct Marketing Retail,150.21M
BLCT,BlueCity Holdings,Internet Content & Information,108.81M
BODY,Beachbody,Internet Content & Information,1.70B
CRTD,Creatd,Internet Content & Information,52.34M
GROM,Grom Social Enterprises,Internet Content & Information,45.34M
LIZI,Lizhi Inc.,Internet Content & Information,157.88M
LZ,LegalZoom.com,Internet Content & Information,5.29B
MAX,MediaAlpha,Internet Content & Information,710.70M
OB,Outbrain,Internet Content & Information,924.34M
SMWB,Similarweb,Internet Content & Information,1.44B
TBLA,Taboola,Internet Content & Information,2.17B
TC,TuanChe,Internet Content & Information,47.51M
ZH,Zhihu,Internet Content & Information,4.93B
AKA,a.k.a. Brands,Internet Retail,1.28B
CPNG,Coupang,Internet Retail,52.47B
DIBS,1stdibs.com,Internet Retail,627.75M
DTC,Solo Brands,Internet Retail,1.16B
GLBE,Global-E Online,Internet Retail,8.86B
GOED,1847 Goedeker,Internet Retail,324.48M
HEPS,D-MARKET Electronic Services & Trading,Internet Retail,1.54B
IPW,iPower,Internet Retail,87.02M
JWEL,Jowell Global,Internet Retail,147.48M
NEGG,Newegg Commerce,Internet Retail,4.53B
OCG,Oriental Culture Holding,Internet Retail,88.73M
RERE,AiHuiShou International,Internet Retail,1.89B
SFT,Shift Technologies,Internet Retail,600.17M
TDUP,ThredUp,Internet Retail,2.11B
ARIS,Aris Water Solutions,Internet Software & Services (discont...,232.98M
MOVE,Movano,Internet Software & Services (discont...,113.39M
SDIG,Stronghold Digital Mining,Internet Software & Services (discont...,1.31B
HYW,Hywin Holdings,Investment Advice,173.60M
BBIG,Vinco Ventures,Leisure,542.60M
FXLV,F45 Training,Leisure,1.33B
LTH,Life Time Group,Leisure,3.35B
XPOF,Xponential Fitness,Leisure,811.24M
AOUT,American Outdoor Brands,Leisure Products,320.45M
BC,Brunswick,Leisure Products,7.57B
CLAR,Clarus Corporation,Leisure Products,935.92M
DOOO,BRP Inc.,Leisure Products,7.32B
ELY,Callaway Golf,Leisure Products,5.21B
ESCA,Escalade,Leisure Products,261.32M
GNUS,Genius Brands International,Leisure Products,418.34M
GOLF,Acushnet Holdings,Leisure Products,3.91B
HAS,Hasbro,Leisure Products,13.10B
HAYW,Hayward Holdings,Leisure Products,5.39B
JAKK,JAKKS Pacific,Leisure Products,109.29M
JOUT,Johnson Outdoors,Leisure Products,1.12B
MAT,Mattel,Leisure Products,7.53B
MBUU,Malibu Boats,Leisure Products,1.54B
MCFT,MasterCraft Boat Holdings,Leisure Products,524.27M
MPX,Marine Products,Leisure Products,428.32M
NLS,Nautilus,Leisure Products,332.86M
PII,Polaris,Leisure Products,7.29B
POWW,AMMO Inc,Leisure Products,707.97M
PTON,Peloton Interactive,Leisure Products,28.11B
RGR,"Sturm, Ruger & Company",Leisure Products,1.39B
SUMR,Summer Infant,Leisure Products,17.06M
SWBI,Smith & Wesson Brands,Leisure Products,1.05B
VMAR,Vision Marine Technologies,Leisure Products,57.33M
VSTO,Vista Outdoor,Leisure Products,2.45B
YETI,YETI Holdings,Leisure Products,8.78B
A,Agilent Technologies,Life Sciences Tools & Services,47.55B
ADPT,Adaptive Biotechnologies,Life Sciences Tools & Services,4.97B
AVTR,Avantor,Life Sciences Tools & Services,24.05B
AXDX,Accelerate Diagnostics,Life Sciences Tools & Services,410.69M
BIO,Bio-Rad Laboratories,Life Sciences Tools & Services,23.02B
BLI,Berkeley Lights,Life Sciences Tools & Services,1.64B
BNGO,BioNano Genomics,Life Sciences Tools & Services,1.51B
BRKR,Bruker,Life Sciences Tools & Services,12.27B
CDXC,ChromaDex,Life Sciences Tools & Services,437.82M
CDXS,Codexis,Life Sciences Tools & Services,2.17B
CGEN,Compugen,Life Sciences Tools & Services,558.89M
CRL,Charles River Laboratories,Life Sciences Tools & Services,22.19B
CSBR,Champions Oncology,Life Sciences Tools & Services,130.33M
FLDM,Fluidigm,Life Sciences Tools & Services,392.26M
GENE,Genetic Technologies,Life Sciences Tools & Services,49.81M
HBIO,Harvard Bioscience,Life Sciences Tools & Services,300.42M
ICLR,ICON plc,Life Sciences Tools & Services,23.02B
ILMN,Illumina,Life Sciences Tools & Services,65.23B
IQV,IQVIA Holdings,Life Sciences Tools & Services,49.46B
MEDP,Medpace Holdings,Life Sciences Tools & Services,8.14B
MTD,Mettler-Toledo,Life Sciences Tools & Services,33.39B
NEO,NeoGenomics,Life Sciences Tools & Services,5.79B
NOTV,Inotiv,Life Sciences Tools & Services,810.79M
NSTG,NanoString Technologies,Life Sciences Tools & Services,2.20B
PACB,Pacific Biosciences of California,Life Sciences Tools & Services,6.07B
PKI,PerkinElmer,Life Sciences Tools & Services,22.26B
PPD,"PPD, Inc.",Life Sciences Tools & Services,16.63B
PSNL,Personalis,Life Sciences Tools & Services,917.12M
QGEN,Qiagen,Life Sciences Tools & Services,12.73B
QNRX,Quoin Pharmaceuticals,Life Sciences Tools & Services,12.91M
QTRX,Quanterix,Life Sciences Tools & Services,1.96B
RGEN,Repligen,Life Sciences Tools & Services,16.83B
SEER,"Seer, Inc",Life Sciences Tools & Services,2.37B
SYNH,Syneos Health,Life Sciences Tools & Services,9.71B
TECH,Bio-Techne,Life Sciences Tools & Services,20.60B
TMO,Thermo Fisher Scientific,Life Sciences Tools & Services,249.86B
TXG,10X Genomics,Life Sciences Tools & Services,18.15B
WAT,Waters Corporation,Life Sciences Tools & Services,22.37B
MCG,Membership Collective Group,Lodging,2.18B
BRLT,Brilliant Earth Group,Luxury Goods,127.65M
MYTE,MYT Netherlands,Luxury Goods,2.31B
AGCO,AGCO Corporation,Machinery,9.34B
AGFY,Agrify,Machinery,329.76M
AIMC,Altra Industrial Motion,Machinery,3.57B
AIN,Albany International,Machinery,2.69B
ALG,Alamo Group,Machinery,1.83B
ALSN,Allison Transmission Holdings,Machinery,3.57B
AQUA,Evoqua Water Technologies,Machinery,5.11B
ARTW,Art's-Way Manufacturing,Machinery,17.18M
ASTE,Astec Industries,Machinery,1.25B
B,Barnes Group,Machinery,2.11B
BIMI,BIMI International Medical,Machinery,27.65M
BLBD,Blue Bird,Machinery,578.09M
CAT,Caterpillar,Machinery,112.44B
CFX,Colfax Corporation,Machinery,7.79B
CIR,CIRCOR International,Machinery,647.48M
CMCO,Columbus McKinnon,Machinery,1.33B
CMI,Cummins,Machinery,35.23B
CNHI,CNH Industrial,Machinery,23.77B
CR,Crane Co.,Machinery,6.21B
CVGI,Commercial Vehicle Group,Machinery,337.03M
CVR,Chicago Rivet & Machine Co.,Machinery,26.15M
CYD,China Yuchai International,Machinery,538.10M
DCI,Donaldson Company,Machinery,7.53B
DE,Deere & Company,Machinery,111.23B
DOV,Dover,Machinery,24.44B
EML,Eastern Company,Machinery,151.26M
EPAC,Enerpac Tool Group,Machinery,1.29B
ERII,Energy Recovery,Machinery,1.17B
ESE,ESCO Technologies,Machinery,2.29B
FELE,Franklin Electric,Machinery,4.08B
FLOW,SPX Flow,Machinery,3.18B
FLS,Flowserve,Machinery,4.40B
FSS,Federal Signal,Machinery,2.69B
FSTR,L.B. Foster Company,Machinery,176.71M
FTV,Fortive,Machinery,27.47B
GBX,Greenbrier Companies,Machinery,1.38B
GENC,Gencor Industries,Machinery,162.69M
GGG,Graco,Machinery,12.99B
GHM,Graham Corporation,Machinery,137.55M
GRC,Gorman-Rupp Company,Machinery,1.11B
GTEC,Greenland Technologies Holding,Machinery,66.52M
GTES,Gates Industrial,Machinery,5.00B
GTLS,Chart Industries,Machinery,6.62B
HI,Hillenbrand,Machinery,3.44B
HIHO,Highway Holdings,Machinery,15.62M
HLIO,Helios Technologies,Machinery,2.91B
HSC,Harsco,Machinery,1.44B
HURC,Hurco Companies,Machinery,219.23M
HY,Hyster-Yale Materials Handling,Machinery,836.84M
IEX,IDEX Corporation,Machinery,17.02B
IR,Ingersoll-Rand,Machinery,22.08B
ITT,ITT Inc.,Machinery,8.27B
ITW,Illinois Tool Works,Machinery,72.08B
JBT,JBT Corporation,Machinery,4.91B
KAI,Kadant,Machinery,2.56B
KIQ,Kelso Technologies,Machinery,39.11M
KMT,Kennametal,Machinery,3.45B
KRNT,Kornit Digital,Machinery,7.76B
LECO,Lincoln Electric Holdings,Machinery,8.49B
LIQT,LiqTech International,Machinery,115.31M
LNN,Lindsay Corporation,Machinery,1.62B
LXFR,Luxfer Holdings,Machinery,577.37M
MIDD,Middleby Corporation,Machinery,10.36B
MLI,Mueller Industries,Machinery,3.10B
MLR,Miller Industries,Machinery,420.03M
MNTX,Manitex International,Machinery,133.37M
MTOR,Meritor,Machinery,1.79B
MTW,Manitowoc Company,Machinery,785.52M
MWA,Mueller Water Products,Machinery,2.63B
NDSN,Nordson,Machinery,15.04B
NNBR,"NN, Inc.",Machinery,234.53M
NPO,EnPro Industries,Machinery,1.90B
OFLX,Omega Flex,Machinery,1.47B
OSK,Oshkosh,Machinery,7.59B
OTIS,Otis Worldwide,Machinery,34.37B
PCAR,PACCAR Inc,Machinery,31.62B
PH,Parker-Hannifin,Machinery,38.67B
PKOH,Park-Ohio Holdings,Machinery,317.98M
PLOW,Douglas Dynamics,Machinery,994.62M
PNR,Pentair,Machinery,12.23B
PPIH,Perma-Pipe International Holdings,Machinery,70.04M
PRLB,Proto Labs,Machinery,1.78B
RAIL,FreightCar America,Machinery,69.98M
REVG,REV Group,Machinery,1.02B
ROLL,RBC Bearings,Machinery,6.73B
SCX,L.S. Starrett Company,Machinery,88.46M
SGBX,SG Blocks,Machinery,31.55M
SHYF,Shyft Group,Machinery,1.52B
SNA,Snap-on,Machinery,11.00B
SPXC,SPX Corporation,Machinery,2.73B
SWK,Stanley Black & Decker,Machinery,29.01B
SXI,Standex International,Machinery,1.37B
TAYD,Taylor Devices,Machinery,41.72M
TEX,Terex,Machinery,3.27B
TKR,Timken,Machinery,5.53B
TNC,Tennant Company,Machinery,1.53B
TRN,Trinity Industries,Machinery,2.82B
TRS,TriMas Corporation,Machinery,1.44B
TTC,Toro Company,Machinery,10.38B
TWI,Titan International,Machinery,470.72M
TWIN,Twin Disc,Machinery,185.03M
UAVS,AgEagle Aerial Systems,Machinery,220.93M
VJET,Voxeljet AG,Machinery,67.46M
WAB,Wabtec,Machinery,16.91B
WBT,Welbilt,Machinery,3.38B
WNC,Wabash National,Machinery,809.15M
WPRT,Westport Fuel Systems,Machinery,642.79M
WTS,Watts Water Technologies,Machinery,6.48B
WWD,Woodward,Machinery,7.36B
XONE,ExOne Company,Machinery,571.78M
XYL,Xylem,Machinery,23.29B
ATCO,Atlas Corp.,Marine,3.54B
CMRE,Costamare,Marine,1.70B
CTRM,Castor Maritime,Marine,231.79M
DAC,Danaos,Marine,1.57B
DSX,Diana Shipping,Marine,447.61M
EDRY,EuroDry,Marine,84.90M
EGLE,Eagle Bulk Shipping,Marine,579.85M
ESEA,Euroseas,Marine,253.14M
FLNG,Flex LNG,Marine,1.08B
GLBS,Globus Maritime,Marine,62.13M
GNK,Genco Shipping & Trading,Marine,720.97M
GOGL,Golden Ocean Group,Marine,1.85B
GRIN,Grindrod Shipping Holdings,Marine,264.57M
GSL,Global Ship Lease,Marine,873.91M
KEX,Kirby Corporation,Marine,3.30B
MATX,Matson,Marine,3.66B
NETI,Eneti,Marine,276.06M
NM,Navios Maritime Holdings,Marine,91.89M
NMM,Navios Maritime Partners,Marine,931.58M
PANL,Pangaea Logistics Solutions,Marine,208.46M
PXS,Pyxis Tankers,Marine,32.43M
SB,Safe Bulkers,Marine,546.06M
SBLK,Star Bulk Carriers,Marine,2.11B
SHIP,Seanergy Maritime Holdings,Marine,190.39M
ZIM,ZIM Integrated Shipping Services,Marine,6.24B
PSHG,Performance Shipping,Marine Shipping,29.17M
AMCX,AMC Networks,Media,1.74B
ANTE,AirNet Technology,Media,39.68M
ATUS,Altice USA,Media,7.72B
AUD,Audacy,Media,497.85M
BBGI,Beasley Broadcast Group,Media,70.82M
BOMN,Boston Omaha,Media,1.04B
CABO,Cable One,Media,10.26B
CCO,Clear Channel Outdoor,Media,1.43B
CDLX,Cardlytics,Media,2.74B
CHTR,Charter Communications,Media,123.41B
CMCSA,Comcast,Media,239.86B
CMLS,Cumulus Media,Media,255.66M
CNET,ZW Data Action Technologies,Media,51.59M
CREX,Creative Realities,Media,18.68M
CRTO,Criteo,Media,2.03B
DALN,DallasNews,Media,37.52M
DISCA,Discovery,Media,12.17B
DISCB,Discovery,Media,11.82B
DISCK,Discovery,Media,12.19B
DISH,DISH Network,Media,22.35B
DJCO,Daily Journal,Media,476.36M
EEX,Emerald Holding,Media,336.96M
EVC,Entravision Communications,Media,723.01M
FLNT,Fluent,Media,195.97M
FOX,Fox Corporation,Media,22.78B
FOXA,Fox Corporation,Media,22.79B
GTN,Gray Television,Media,2.31B
HMTV,Hemisphere Media Group,Media,500.55M
ICLK,iClick Interactive Asia,Media,668.25M
IHRT,iHeartMedia,Media,2.73B
IPG,Interpublic Group of Companies,Media,14.49B
ISIG,Insignia Systems,Media,12.96M
JW.A,John Wiley & Sons,Media,3.05B
LBRDA,Liberty Broadband,Media,29.65B
LBRDK,Liberty Broadband,Media,29.63B
LBTYA,Liberty Global,Media,16.32B
LBTYB,Liberty Global,Media,16.54B
LBTYK,Liberty Global,Media,16.29B
LEE,Lee Enterprises,Media,122.61M
LILAK,Liberty Latin America,Media,2.99B
LORL,Loral Space & Communications,Media,1.60B
MCHX,Marchex,Media,133.78M
MDP,Meredith Corporation,Media,2.66B
NCMI,National CineMedia,Media,269.92M
NWS,News Corp,Media,13.98B
NWSA,News Corp,Media,13.87B
NXST,Nexstar Media Group,Media,6.48B
NYT,The New York Times,Media,9.20B
OMC,Omnicom Group,Media,14.66B
PERI,Perion Network,Media,1.04B
PSO,Pearson,Media,6.50B
SALM,Salem Media Group,Media,103.71M
SBGI,Sinclair Broadcast Group,Media,2.01B
SCHL,Scholastic,Media,1.28B
SCOR,Comscore,Media,321.37M
SGA,Saga Communications,Media,138.75M
SGRP,SPAR Group,Media,32.21M
SIRI,Sirius XM,Media,25.44B
SJR,Shaw Communications,Media,14.36B
SRAX,"SRAX, Inc.",Media,156.75M
SSP,E.W. Scripps,Media,1.62B
TGNA,Tegna,Media,4.46B
THRY,Thryv Holdings,Media,1.10B
TSQ,Townsquare Media,Media,221.13M
TTGT,TechTarget,Media,2.69B
TV,Grupo Televisa,Media,5.85B
UONE,Urban One,Media,436.93M
UONEK,Urban One,Media,410.87M
VIAC,ViacomCBS,Media,24.20B
VIACA,ViacomCBS,Media,24.02B
WOW,WideOpenWest,Media,1.71B
WPP,WPP plc,Media,17.28B
MEG,Montrose Environmental Group,Media (discontinued effective close o...,1.96B
RENT,Rent The Runway,Media (discontinued effective close o...,1.06B
AGL,Agilon Health,Medical Care Facilities,9.83B
ATIP,ATI Physical Therapy,Medical Care Facilities,570.26M
AVAH,Aveanna Healthcare Holdings,Medical Care Facilities,1.49B
FTRP,Field Trip Health,Medical Care Facilities,317.14M
GBNH,Greenbrook TMS,Medical Care Facilities,127.28M
ICCM,IceCure Medical,Medical Care Facilities,250.76M
INNV,Innovage Holding,Medical Care Facilities,907.96M
IONM,Assure Holdings,Medical Care Facilities,64.38M
LFST,Lifestance Health Group,Medical Care Facilities,4.80B
NFH,New Frontier Health,Medical Care Facilities,1.48B
OPCH,Option Care Health,Medical Care Facilities,5.02B
SLHG,Skylight Health Group,Medical Care Facilities,108.12M
SMTI,Sanara MedTech,Medical Care Facilities,269.83M
TALK,Talkspace,Medical Care Facilities,560.30M
TLMD,SOC Telemed,Medical Care Facilities,232.26M
AFIB,Acutus Medical,Medical Devices,236.39M
ASXC,Asensus Surgical,Medical Devices,428.81M
AZYO,Aziyo Biologics,Medical Devices,60.10M
BBLG,Bone Biologics,Medical Devices,56.72M
BFLY,Butterfly Network,Medical Devices,2.06B
BTCY,Biotricity,Medical Devices,215.34M
CTKB,Cytek Biosciences,Medical Devices,3.16B
CVRX,CVRx,Medical Devices,346.69M
DCTH,Delcath Systems,Medical Devices,84.01M
DNAY,Codex DNA,Medical Devices,276.81M
EAR,Eargo,Medical Devices,348.26M
FNA,Paragon 28,Medical Devices,1.61B
GBS,"GBS, Inc.",Medical Devices,33.63M
IINN,Inspira Technologies Oxy,Medical Devices,30.95M
ISO,IsoPlexis,Medical Devices,527.51M
LHDX,Lucira Health,Medical Devices,238.00M
LNSR,"LENSAR, Inc",Medical Devices,78.56M
LUCD,Lucid Diagnostics,Medical Devices,355.12M
MASS,908 Devices,Medical Devices,984.03M
NPCE,NeuroPace,Medical Devices,379.75M
NUWE,Nuwellis,Medical Devices,22.34M
NVNO,enVVeno Medical,Medical Devices,74.74M
OM,Outset Medical,Medical Devices,2.71B
OWLT,Owlet,Medical Devices,420.56M
PRCT,PROCEPT BioRobotics,Medical Devices,1.84B
QIPT,Quipt Home Medical,Medical Devices,178.42M
RBOT,Vicarious Surgical,Medical Devices,1.44B
RXST,RxSight,Medical Devices,320.65M
SGHT,Sight Sciences,Medical Devices,1.26B
SRGA,Surgalign Holdings,Medical Devices,154.73M
TLIS,Talis Biomedical,Medical Devices,142.84M
TMCI,Treace Medical Concepts,Medical Devices,1.24B
VERO,Venus Concept,Medical Devices,102.34M
VVOS,Vivos Therapeutics,Medical Devices,88.97M
AKYA,Akoya Biosciences,Medical Instruments & Supplies,494.58M
ALC,Alcon,Medical Instruments & Supplies,41.36B
APR,Apria,Medical Instruments & Supplies,1.31B
FEMY,Femasys,Medical Instruments & Supplies,78.59M
GMVD,G Medical Innovations,Medical Instruments & Supplies,34.37M
NYXH,Nyxoah,Medical Instruments & Supplies,647.63M
OMIC,Singular Genomics Systems,Medical Instruments & Supplies,1.05B
STVN,Stevanato Group,Medical Instruments & Supplies,7.90B
WRBY,Warby Parker,Medical Instruments & Supplies,6.03B
ALPP,Alpine 4 Technologies,Metal Fabrication,582.85M
AA,Alcoa,Metals & Mining,8.74B
AAU,Almaden Minerals,Metals & Mining,52.14M
ACH,Aluminum Corporation of China,Metals & Mining,14.94B
AEM,Agnico Eagle Mines,Metals & Mining,13.06B
AG,First Majestic Silver,Metals & Mining,3.32B
AGI,Alamos Gold,Metals & Mining,2.96B
AP,Ampco-Pittsburgh,Metals & Mining,103.87M
ASM,Avino Silver & Gold Mines,Metals & Mining,98.29M
ATI,Allegheny Technologies,Metals & Mining,2.11B
AU,AngloGold Ashanti,Metals & Mining,7.72B
AUMN,Golden Minerals,Metals & Mining,74.16M
AUY,Yamana Gold,Metals & Mining,3.83B
BBL,BHP Group,Metals & Mining,134.05B
BHP,BHP Group,Metals & Mining,138.57B
BTG,B2Gold,Metals & Mining,0.00
BVN,Compania de Minas Buenaventura,Metals & Mining,1.99B
CDE,Coeur Mining,Metals & Mining,1.75B
CENX,Century Aluminum,Metals & Mining,1.20B
CHNR,China Natural Resources,Metals & Mining,54.87M
CLF,Cleveland-Cliffs,Metals & Mining,11.62B
CMC,Commercial Metals Company,Metals & Mining,3.87B
CMCL,Caledonia Mining,Metals & Mining,154.15M
CMP,Compass Minerals,Metals & Mining,2.36B
CRS,Carpenter Technology,Metals & Mining,1.54B
CSTM,Constellium,Metals & Mining,2.66B
DRD,DRDGOLD Limited,Metals & Mining,771.64M
EGO,Eldorado Gold,Metals & Mining,1.81B
EMX,EMX Royalty,Metals & Mining,315.30M
EQX,Equinox Gold Corp.,Metals & Mining,2.21B
ERO,Ero Copper,Metals & Mining,1.66B
EXK,Endeavour Silver,Metals & Mining,865.94M
FCX,Freeport-McMoRan,Metals & Mining,56.27B
FNV,Franco-Nevada,Metals & Mining,27.29B
FRD,Friedman Industries,Metals & Mining,97.97M
FSM,Fortuna Silver Mines,Metals & Mining,1.46B
GAU,Galiano Gold,Metals & Mining,175.68M
GFI,Gold Fields,Metals & Mining,8.42B
GGB,Gerdau,Metals & Mining,7.97B
GOLD,Barrick Gold,Metals & Mining,32.91B
GORO,Gold Resource,Metals & Mining,140.96M
GPL,Great Panther Mining,Metals & Mining,167.38M
GROY,Gold Royalty,Metals & Mining,200.86M
GSM,Ferroglobe,Metals & Mining,1.31B
GSS,Golden Star Resources,Metals & Mining,425.87M
GSV,Gold Standard Ventures,Metals & Mining,171.68M
HAYN,Haynes International,Metals & Mining,509.07M
HBM,HudBay Minerals,Metals & Mining,1.82B
HCC,Warrior Met Coal,Metals & Mining,1.27B
HL,Hecla Mining,Metals & Mining,3.24B
HMY,Harmony Gold Mining,Metals & Mining,2.23B
IAG,Iamgold,Metals & Mining,1.34B
KALU,Kaiser Aluminum,Metals & Mining,1.55B
KGC,Kinross Gold,Metals & Mining,7.55B
KL,Kirkland Lake Gold,Metals & Mining,11.14B
LAC,Lithium Americas,Metals & Mining,3.51B
LODE,Comstock Mining,Metals & Mining,144.52M
MAG,MAG Silver,Metals & Mining,0.00
MEC,Mayville Engineering,Metals & Mining,369.79M
METC,Ramaco Resources,Metals & Mining,788.68M
MMX,Maverix Metals,Metals & Mining,704.43M
MP,MP Materials,Metals & Mining,6.12B
MSB,Mesabi Trust,Metals & Mining,315.14M
MT,ArcelorMittal,Metals & Mining,33.72B
MTA,Metalla Royalty & Streaming,Metals & Mining,328.94M
MTL,Mechel PAO,Metals & Mining,1.42B
MTRN,Materion,Metals & Mining,1.51B
MUX,McEwen Mining,Metals & Mining,523.47M
NAK,Northern Dynasty Minerals,Metals & Mining,230.83M
NEM,Newmont Goldcorp,Metals & Mining,43.30B
NEXA,Nexa Resources,Metals & Mining,1.06B
NG,NovaGold Resources,Metals & Mining,2.41B
NGD,New Gold,Metals & Mining,1.00B
NUE,Nucor,Metals & Mining,31.21B
OR,Osisko Gold Royalties,Metals & Mining,2.11B
PAAS,Pan American Silver,Metals & Mining,5.44B
PKX,POSCO,Metals & Mining,19.21B
PLG,Platinum Group Metals,Metals & Mining,190.86M
PLL,Piedmont Lithium,Metals & Mining,1.03B
PLM,PolyMet Mining,Metals & Mining,334.93M
PVG,Pretium Resources,Metals & Mining,2.23B
PZG,Paramount Gold Nevada,Metals & Mining,33.32M
RGLD,Royal Gold,Metals & Mining,6.66B
RIO,Rio Tinto,Metals & Mining,102.63B
RS,Reliance Steel & Aluminum,Metals & Mining,9.47B
RYI,Ryerson Holding,Metals & Mining,1.04B
SA,Seabridge Gold,Metals & Mining,1.45B
SAND,Sandstorm Gold,Metals & Mining,1.25B
SBSW,Sibanye Stillwater,Metals & Mining,10.15B
SCCO,Southern Copper,Metals & Mining,46.78B
SCHN,Schnitzer Steel Industries,Metals & Mining,1.47B
SID,Companhia Siderurgica Nacional,Metals & Mining,5.66B
SILV,SilverCrest Metals,Metals & Mining,1.31B
SIM,Grupo Simec,Metals & Mining,0.00
SMTS,Sierra Metals,Metals & Mining,326.80M
SSRM,SSR Mining,Metals & Mining,3.39B
STLD,Steel Dynamics,Metals & Mining,13.11B
SVM,Silvercorp Metals,Metals & Mining,753.56M
SXC,SunCoke Energy,Metals & Mining,597.86M
SYNL,Synalloy,Metals & Mining,110.21M
TECK,Teck Resources,Metals & Mining,15.37B
TGB,Taseko Mines,Metals & Mining,631.19M
THM,International Tower Hill Mines,Metals & Mining,154.21M
TMQ,Trilogy Metals,Metals & Mining,314.51M
TMST,TimkenSteel,Metals & Mining,660.80M
TRQ,Turquoise Hill Resources,Metals & Mining,2.58B
TRX,Tanzanian Gold,Metals & Mining,119.03M
TX,Ternium,Metals & Mining,9.23B
UAMY,United States Antimony,Metals & Mining,95.40M
USAP,Universal Stainless & Alloy Products,Metals & Mining,84.02M
USAS,Americas Gold & Silver,Metals & Mining,126.72M
USAU,U.S. Gold Corp,Metals & Mining,70.41M
VALE,Vale S.A.,Metals & Mining,64.29B
VEDL,Vedanta,Metals & Mining,15.18B
VGZ,Vista Gold,Metals & Mining,86.93M
WOR,Worthington Industries,Metals & Mining,2.80B
WPM,Wheaton Precious Metals,Metals & Mining,17.97B
WRN,Western Copper & Gold,Metals & Mining,249.96M
X,United States Steel,Metals & Mining,6.93B
XPL,Solitario Zinc,Metals & Mining,32.18M
ZEUS,Olympic Steel,Metals & Mining,299.31M
ZKIN,ZK International Group,Metals & Mining,79.63M
GHLD,Guild Holdings Company,Mortgage Finance,823.45M
HMPT,Home Point Capital,Mortgage Finance,661.19M
LDI,loanDepot,Mortgage Finance,2.47B
UWMC,UWM Holdings,Mortgage Finance,11.41B
AAIC,Arlington Asset Investment,Mortgage Real Estate Investment  Trus...,125.44M
ABR,Arbor Realty Trust,Mortgage Real Estate Investment  Trus...,2.96B
ACR,ACRES Commercial Realty,Mortgage Real Estate Investment  Trus...,148.42M
ACRE,Ares Commercial Real Estate,Mortgage Real Estate Investment  Trus...,746.86M
AGNC,AGNC Investment,Mortgage Real Estate Investment  Trus...,8.49B
AJX,Great Ajax,Mortgage Real Estate Investment  Trus...,330.71M
ARI,Apollo Commercial Real Estate Finance,Mortgage Real Estate Investment  Trus...,2.16B
ARR,ARMOUR Residential REIT,Mortgage Real Estate Investment  Trus...,964.16M
BRMK,Broadmark Realty Capital,Mortgage Real Estate Investment  Trus...,1.38B
BXMT,Blackstone Mortgage Trust,Mortgage Real Estate Investment  Trus...,5.25B
CHMI,Cherry Hill Mortgage Investment,Mortgage Real Estate Investment  Trus...,157.27M
CIM,Chimera Investment,Mortgage Real Estate Investment  Trus...,3.73B
DX,Dynex Capital,Mortgage Real Estate Investment  Trus...,636.05M
EARN,Ellington Residential Mortgage,Mortgage Real Estate Investment  Trus...,157.48M
EFC,Ellington Financial,Mortgage Real Estate Investment  Trus...,1.05B
FBRT,Franklin BSP Realty Trust,Mortgage Real Estate Investment  Trus...,722.81M
GPMT,Granite Point Mortgage Trust,Mortgage Real Estate Investment  Trus...,749.52M
IVR,Invesco Mortgage Capital,Mortgage Real Estate Investment  Trus...,926.98M
KREF,KKR Real Estate Finance Trust,Mortgage Real Estate Investment  Trus...,1.23B
LADR,Ladder Capital,Mortgage Real Estate Investment  Trus...,1.54B
LOAN,Manhattan Bridge Capital,Mortgage Real Estate Investment  Trus...,72.88M
MFA,MFA Financial,Mortgage Real Estate Investment  Trus...,2.01B
MITT,AG Mortgage Investment Trust,Mortgage Real Estate Investment  Trus...,192.75M
NLY,Annaly Capital Management,Mortgage Real Estate Investment  Trus...,12.50B
NRZ,New Residential Investment,Mortgage Real Estate Investment  Trus...,5.39B
NYMT,New York Mortgage Trust,Mortgage Real Estate Investment  Trus...,1.71B
ORC,Orchid Island Capital,Mortgage Real Estate Investment  Trus...,767.62M
ORGN,Origin Materials,Mortgage Real Estate Investment  Trus...,983.09M
PMT,PennyMac Mortgage Investment Trust,Mortgage Real Estate Investment  Trus...,1.99B
RC,Ready Capital,Mortgage Real Estate Investment  Trus...,1.12B
RWT,Redwood Trust,Mortgage Real Estate Investment  Trus...,1.60B
STWD,Starwood Property Trust,Mortgage Real Estate Investment  Trus...,7.46B
TRTX,TPG RE Finance Trust,Mortgage Real Estate Investment  Trus...,1.03B
TWO,Two Harbors Investment,Mortgage Real Estate Investment  Trus...,2.24B
WMC,Western Asset Mortgage Capital,Mortgage Real Estate Investment  Trus...,152.64M
AEE,Ameren,Multi-Utilities,21.67B
AQN,Algonquin Power & Utilities,Multi-Utilities,9.01B
AVA,Avista,Multi-Utilities,2.83B
BIP,Brookfield Infrastructure Partners,Multi-Utilities,17.36B
BKH,Black Hills,Multi-Utilities,4.29B
CMS,CMS Energy,Multi-Utilities,17.47B
CNP,CenterPoint Energy,Multi-Utilities,15.59B
D,Dominion Energy,Multi-Utilities,60.97B
DTE,DTE Energy,Multi-Utilities,21.89B
ED,Consolidated Edison,Multi-Utilities,26.90B
MDU,MDU Resources Group,Multi-Utilities,6.30B
NGG,National Grid,Multi-Utilities,47.26B
NI,NiSource,Multi-Utilities,9.74B
NWE,NorthWestern,Multi-Utilities,3.06B
PEG,Public Service Enterprise Group,Multi-Utilities,32.54B
SRE,Sempra Energy,Multi-Utilities,41.16B
UTL,Unitil,Multi-Utilities,677.50M
WEC,WEC Energy Group,Multi-Utilities,28.50B
BIG,Big Lots,Multiline Retail,1.52B
DDS,Dillard's,Multiline Retail,4.88B
DG,Dollar General,Multiline Retail,51.44B
DLTR,Dollar Tree,Multiline Retail,24.91B
JWN,Nordstrom,Multiline Retail,4.72B
KSS,Kohl's,Multiline Retail,7.76B
M,Macy's,Multiline Retail,8.80B
OLLI,Ollie's Bargain Outlet,Multiline Retail,4.64B
TGT,Target,Multiline Retail,125.88B
BORR,Borr Drilling,Oil & Gas Drilling,299.80M
NE,Noble,Oil & Gas Drilling,1.57B
AMPY,Amplify Energy,Oil & Gas E&P,133.74M
CTRA,Coterra Energy,Oil & Gas E&P,17.57B
GPOR,Gulfport Energy,Oil & Gas E&P,1.70B
HPK,HighPeak Energy,Oil & Gas E&P,1.45B
VEI,Vine Energy,Oil & Gas E&P,1.32B
XOG,Extraction Oil & Gas,Oil & Gas E&P,1.77B
VAL,Valaris,Oil & Gas Equipment & Services,2.67B
VTOL,Bristow Group,Oil & Gas Equipment & Services,1.03B
WFRD,Weatherford International,Oil & Gas Equipment & Services,2.08B
XPRO,Expro Group Holdings,Oil & Gas Equipment & Services,673.78M
DTM,DT Midstream,Oil & Gas Midstream,4.67B
TRMD,Torm PLC,Oil & Gas Midstream,667.49M
USWS,U.S. Well Services,Oil & Gas Midstream,137.92M
AE,Adams Resources & Energy,"Oil, Gas & Consumable Fuels",130.74M
ALTM,Altus Midstream,"Oil, Gas & Consumable Fuels",239.59M
ALTO,Alto Ingredients,"Oil, Gas & Consumable Fuels",407.72M
AM,Antero Midstream,"Oil, Gas & Consumable Fuels",5.11B
AMR,Alpha Metallurgical Resources,"Oil, Gas & Consumable Fuels",1.14B
AMTX,Aemetis,"Oil, Gas & Consumable Fuels",632.52M
APA,Apache,"Oil, Gas & Consumable Fuels",10.27B
AR,Antero Resources,"Oil, Gas & Consumable Fuels",6.40B
ARCH,Arch Coal,"Oil, Gas & Consumable Fuels",1.43B
AREC,American Resources,"Oil, Gas & Consumable Fuels",142.35M
ARLP,Alliance Resource Partners,"Oil, Gas & Consumable Fuels",1.49B
ASC,Ardmore Shipping,"Oil, Gas & Consumable Fuels",149.48M
BATL,Battalion Oil,"Oil, Gas & Consumable Fuels",164.14M
BCEI,Bonanza Creek Energy,"Oil, Gas & Consumable Fuels",1.73B
BKEP,BlueKnight Energy Partners,"Oil, Gas & Consumable Fuels",136.16M
BP,BP plc,"Oil, Gas & Consumable Fuels",98.14B
BPMP,BP Midstream Partners,"Oil, Gas & Consumable Fuels",1.40B
BPT,BP Prudhoe Bay Royalty Trust,"Oil, Gas & Consumable Fuels",96.09M
BRN,Barnwell Industries,"Oil, Gas & Consumable Fuels",23.90M
BROG,Brooge Energy,"Oil, Gas & Consumable Fuels",789.68M
BRY,Berry Corporation,"Oil, Gas & Consumable Fuels",790.43M
BSM,Black Stone Minerals,"Oil, Gas & Consumable Fuels",2.64B
BTU,Peabody Energy,"Oil, Gas & Consumable Fuels",1.49B
CAPL,CrossAmerica Partners,"Oil, Gas & Consumable Fuels",877.19M
CCJ,Cameco,"Oil, Gas & Consumable Fuels",10.02B
CDEV,Centennial Resource Development,"Oil, Gas & Consumable Fuels",2.10B
CEI,Camber Energy,"Oil, Gas & Consumable Fuels",304.47M
CEIX,CONSOL Energy,"Oil, Gas & Consumable Fuels",977.86M
CEQP,Crestwood Equity Partners,"Oil, Gas & Consumable Fuels",1.91B
CHK,Chesapeake Energy,"Oil, Gas & Consumable Fuels",6.47B
CLMT,Calumet Specialty Products,"Oil, Gas & Consumable Fuels",883.53M
CLNE,Clean Energy Fuels,"Oil, Gas & Consumable Fuels",2.13B
CLR,Continental Resources,"Oil, Gas & Consumable Fuels",18.29B
CNQ,Canadian Natural Resources,"Oil, Gas & Consumable Fuels",51.15B
CNX,CNX Resources,"Oil, Gas & Consumable Fuels",3.26B
COP,ConocoPhillips,"Oil, Gas & Consumable Fuels",99.88B
CPE,Callon Petroleum,"Oil, Gas & Consumable Fuels",3.02B
CPG,Crescent Point Energy,"Oil, Gas & Consumable Fuels",2.97B
CPLP,Capital Product Partners,"Oil, Gas & Consumable Fuels",264.77M
CQP,Cheniere Energy Partners,"Oil, Gas & Consumable Fuels",21.34B
CRC,California Resources,"Oil, Gas & Consumable Fuels",3.77B
CRK,Comstock Resources,"Oil, Gas & Consumable Fuels",2.25B
CRT,Cross Timbers Royalty Trust,"Oil, Gas & Consumable Fuels",84.48M
CVE,Cenovus Energy,"Oil, Gas & Consumable Fuels",24.70B
CVI,CVR Energy,"Oil, Gas & Consumable Fuels",1.99B
CVX,Chevron,"Oil, Gas & Consumable Fuels",221.49B
DCP,DCP Midstream,"Oil, Gas & Consumable Fuels",6.53B
DEN,Denbury,"Oil, Gas & Consumable Fuels",4.36B
DHT,DHT Holdings,"Oil, Gas & Consumable Fuels",1.11B
DK,Delek US Holdings,"Oil, Gas & Consumable Fuels",1.45B
DKL,Delek Logistics Partners,"Oil, Gas & Consumable Fuels",2.17B
DLNG,Dynagas LNG Partners,"Oil, Gas & Consumable Fuels",113.72M
DMLP,Dorchester Minerals,"Oil, Gas & Consumable Fuels",681.54M
DNN,Denison Mines,"Oil, Gas & Consumable Fuels",1.44B
DVN,Devon Energy,"Oil, Gas & Consumable Fuels",28.43B
E,Eni SpA,"Oil, Gas & Consumable Fuels",53.14B
EC,Ecopetrol,"Oil, Gas & Consumable Fuels",31.25B
EGY,VAALCO Energy,"Oil, Gas & Consumable Fuels",191.57M
ENB,Enbridge,"Oil, Gas & Consumable Fuels",86.13B
ENBL,Enable Midstream Partners,"Oil, Gas & Consumable Fuels",3.69B
ENLC,EnLink Midstream,"Oil, Gas & Consumable Fuels",3.90B
EOG,EOG Resources,"Oil, Gas & Consumable Fuels",54.57B
EPD,Enterprise Products Partners,"Oil, Gas & Consumable Fuels",49.83B
EPM,Evolution Petroleum,"Oil, Gas & Consumable Fuels",199.44M
EPSN,Epsilon Energy,"Oil, Gas & Consumable Fuels",132.47M
EQNR,Equinor,"Oil, Gas & Consumable Fuels",85.06B
EQT,EQT Corporation,"Oil, Gas & Consumable Fuels",7.79B
ERF,Enerplus,"Oil, Gas & Consumable Fuels",2.50B
ESTE,Earthstone Energy,"Oil, Gas & Consumable Fuels",921.05M
ET,Energy Transfer LP,"Oil, Gas & Consumable Fuels",26.86B
ETRN,Equitrans Midstream,"Oil, Gas & Consumable Fuels",4.48B
EURN,Euronav,"Oil, Gas & Consumable Fuels",2.18B
EVA,Enviva Partners,"Oil, Gas & Consumable Fuels",4.18B
FANG,Diamondback Energy,"Oil, Gas & Consumable Fuels",20.21B
FLMN,Falcon Minerals,"Oil, Gas & Consumable Fuels",279.73M
FRO,Frontline,"Oil, Gas & Consumable Fuels",1.81B
GASS,StealthGas,"Oil, Gas & Consumable Fuels",97.03M
GBR,New Concept Energy,"Oil, Gas & Consumable Fuels",19.35M
GDP,Goodrich Petroleum,"Oil, Gas & Consumable Fuels",277.89M
GEL,Genesis Energy,"Oil, Gas & Consumable Fuels",1.36B
GEVO,"Gevo, Inc.","Oil, Gas & Consumable Fuels",1.55B
GLNG,Golar LNG,"Oil, Gas & Consumable Fuels",1.49B
GLOP,GasLog Partners,"Oil, Gas & Consumable Fuels",316.24M
GLP,Global Partners,"Oil, Gas & Consumable Fuels",798.22M
GPP,Green Plains Partners,"Oil, Gas & Consumable Fuels",367.46M
GPRE,Green Plains,"Oil, Gas & Consumable Fuels",2.09B
GPRK,GeoPark,"Oil, Gas & Consumable Fuels",936.31M
GTE,Gran Tierra Energy,"Oil, Gas & Consumable Fuels",363.91M
HEP,Holly Energy Partners,"Oil, Gas & Consumable Fuels",1.97B
HES,Hess Corporation,"Oil, Gas & Consumable Fuels",26.20B
HESM,Hess Midstream,"Oil, Gas & Consumable Fuels",874.24M
HFC,HollyFrontier,"Oil, Gas & Consumable Fuels",5.56B
HMLP,Hoegh Lng Partners,"Oil, Gas & Consumable Fuels",165.17M
HNRG,Hallador Energy,"Oil, Gas & Consumable Fuels",104.08M
HUSA,Houston American Energy,"Oil, Gas & Consumable Fuels",19.05M
IMO,Imperial Oil,"Oil, Gas & Consumable Fuels",25.90B
INDO,Indonesia Energy,"Oil, Gas & Consumable Fuels",30.96M
INSW,International Seaways,"Oil, Gas & Consumable Fuels",929.88M
INT,World Fuel Services,"Oil, Gas & Consumable Fuels",1.84B
KMI,Kinder Morgan,"Oil, Gas & Consumable Fuels",38.66B
KNOP,KNOT Offshore Partners,"Oil, Gas & Consumable Fuels",621.28M
KOS,Kosmos Energy,"Oil, Gas & Consumable Fuels",1.76B
KRP,Kimbell Royalty Partners,"Oil, Gas & Consumable Fuels",904.90M
LEU,Centrus Energy,"Oil, Gas & Consumable Fuels",846.57M
LNG,Cheniere Energy,"Oil, Gas & Consumable Fuels",26.70B
LPG,Dorian LPG,"Oil, Gas & Consumable Fuels",499.75M
LPI,Laredo Petroleum,"Oil, Gas & Consumable Fuels",1.29B
MARPS,Marine Petroleum Trust,"Oil, Gas & Consumable Fuels",10.10M
MCF,Contango Oil & Gas,"Oil, Gas & Consumable Fuels",855.01M
MGY,Magnolia Oil & Gas,"Oil, Gas & Consumable Fuels",3.87B
MMLP,Martin Midstream Partners,"Oil, Gas & Consumable Fuels",121.45M
MMP,Magellan Midstream Partners,"Oil, Gas & Consumable Fuels",11.02B
MNRL,Brigham Minerals,"Oil, Gas & Consumable Fuels",1.08B
MPC,Marathon Petroleum,"Oil, Gas & Consumable Fuels",42.93B
MPLX,MPLX LP,"Oil, Gas & Consumable Fuels",31.29B
MRO,Marathon Oil,"Oil, Gas & Consumable Fuels",13.43B
MTDR,Matador Resources,"Oil, Gas & Consumable Fuels",5.11B
MTR,Mesa Royalty Trust,"Oil, Gas & Consumable Fuels",12.30M
MUR,Murphy Oil,"Oil, Gas & Consumable Fuels",4.48B
MXC,Mexco Energy,"Oil, Gas & Consumable Fuels",24.81M
NAT,Nordic American Tankers,"Oil, Gas & Consumable Fuels",410.99M
NC,NACCO Industries,"Oil, Gas & Consumable Fuels",228.85M
NEXT,NextDecade,"Oil, Gas & Consumable Fuels",474.78M
NFE,New Fortress Energy,"Oil, Gas & Consumable Fuels",6.48B
NGL,NGL Energy Partners,"Oil, Gas & Consumable Fuels",304.55M
NOG,Northern Oil & Gas,"Oil, Gas & Consumable Fuels",1.46B
NRP,Natural Resource Partners,"Oil, Gas & Consumable Fuels",395.49M
NRT,North European Oil Royalty Trust,"Oil, Gas & Consumable Fuels",83.82M
NS,NuStar Energy,"Oil, Gas & Consumable Fuels",1.76B
NVGS,Navigator Holdings,"Oil, Gas & Consumable Fuels",663.80M
NXE,NexGen Energy,"Oil, Gas & Consumable Fuels",2.69B
OAS,Oasis Petroleum,"Oil, Gas & Consumable Fuels",2.45B
OKE,ONEOK,"Oil, Gas & Consumable Fuels",28.58B
OMP,Oasis Midstream Partners,"Oil, Gas & Consumable Fuels",1.26B
OSG,Overseas Shipholding Group,"Oil, Gas & Consumable Fuels",175.17M
OVV,Ovintiv,"Oil, Gas & Consumable Fuels",10.02B
OXY,Occidental Petroleum,"Oil, Gas & Consumable Fuels",32.50B
PAA,Plains All American Pipeline,"Oil, Gas & Consumable Fuels",7.60B
PAGP,Plains GP Holdings,"Oil, Gas & Consumable Fuels",2.21B
PARR,Par Pacific Holdings,"Oil, Gas & Consumable Fuels",970.87M
PBA,Pembina Pipeline,"Oil, Gas & Consumable Fuels",18.50B
PBF,PBF Energy,"Oil, Gas & Consumable Fuels",1.83B
PBFX,PBF Logistics,"Oil, Gas & Consumable Fuels",864.59M
PBR,Petroleo Brasileiro,"Oil, Gas & Consumable Fuels",71.73B
PBR.A,Petroleo Brasileiro,"Oil, Gas & Consumable Fuels",71.14B
PBT,Permian Basin Royalty Trust,"Oil, Gas & Consumable Fuels",388.72M
PDCE,PDC Energy,"Oil, Gas & Consumable Fuels",5.35B
PED,Pedevco,"Oil, Gas & Consumable Fuels",133.89M
PHX,PHX Minerals,"Oil, Gas & Consumable Fuels",94.24M
PNRG,PrimeEnergy Resources,"Oil, Gas & Consumable Fuels",140.03M
PRT,PermRock Royalty Trust,"Oil, Gas & Consumable Fuels",86.62M
PSX,Phillips 66,"Oil, Gas & Consumable Fuels",34.24B
PSXP,Phillips 66 Partners,"Oil, Gas & Consumable Fuels",8.78B
PTR,PetroChina,"Oil, Gas & Consumable Fuels",151.33B
PVL,Permianville Royalty Trust,"Oil, Gas & Consumable Fuels",71.28M
PXD,Pioneer Natural Resources,"Oil, Gas & Consumable Fuels",46.33B
RDS.A,Royal Dutch Shell,"Oil, Gas & Consumable Fuels",263.03B
RDS.B,Royal Dutch Shell,"Oil, Gas & Consumable Fuels",261.04B
REGI,Renewable Energy Group,"Oil, Gas & Consumable Fuels",3.35B
REI,Ring Energy,"Oil, Gas & Consumable Fuels",376.54M
REPX,Riley Exploration Permian,"Oil, Gas & Consumable Fuels",521.62M
REX,REX American Resources,"Oil, Gas & Consumable Fuels",532.91M
RGP,Resources Connection,"Oil, Gas & Consumable Fuels",594.04M
ROCC,Ranger Oil,"Oil, Gas & Consumable Fuels",710.46M
RRC,Range Resources,"Oil, Gas & Consumable Fuels",6.02B
RTLR,Rattler Midstream,"Oil, Gas & Consumable Fuels",1.79B
SBOW,SilverBow Resources,"Oil, Gas & Consumable Fuels",416.01M
SBR,Sabine Royalty Trust,"Oil, Gas & Consumable Fuels",627.06M
SD,SandRidge Energy,"Oil, Gas & Consumable Fuels",495.05M
SFL,SFL Corporation,"Oil, Gas & Consumable Fuels",1.11B
SHLX,Shell Midstream Partners,"Oil, Gas & Consumable Fuels",4.83B
SJT,San Juan Basin Royalty Trust,"Oil, Gas & Consumable Fuels",322.53M
SLNG,Stabilis Energy,"Oil, Gas & Consumable Fuels",95.54M
SM,SM Energy,"Oil, Gas & Consumable Fuels",4.44B
SMLP,Summit Midstream Partners,"Oil, Gas & Consumable Fuels",214.56M
SNMP,Sanchez Midstream Partners,"Oil, Gas & Consumable Fuels",85.02M
SNP,China Petroleum & Chemical,"Oil, Gas & Consumable Fuels",77.36B
SRLP,Sprague Resources,"Oil, Gas & Consumable Fuels",490.69M
STNG,Scorpio Tankers,"Oil, Gas & Consumable Fuels",984.11M
SU,Suncor Energy,"Oil, Gas & Consumable Fuels",39.67B
SUN,Sunoco,"Oil, Gas & Consumable Fuels",3.45B
SWN,Southwestern Energy,"Oil, Gas & Consumable Fuels",5.10B
TALO,Talos Energy,"Oil, Gas & Consumable Fuels",1.12B
TELL,Tellurian,"Oil, Gas & Consumable Fuels",1.97B
TGA,TransGlobe Energy,"Oil, Gas & Consumable Fuels",188.61M
TGP,Teekay LNG Partners,"Oil, Gas & Consumable Fuels",1.49B
TGS,Transportadora de Gas del Sur,"Oil, Gas & Consumable Fuels",805.45M
TK,Teekay Corporation,"Oil, Gas & Consumable Fuels",368.19M
TNK,Teekay Tankers,"Oil, Gas & Consumable Fuels",485.37M
TNP,Tsakos Energy Navigation,"Oil, Gas & Consumable Fuels",183.96M
TOPS,Top Ships,"Oil, Gas & Consumable Fuels",54.97M
TPL,Texas Pacific Land Trust,"Oil, Gas & Consumable Fuels",10.18B
TRGP,Targa Resources,"Oil, Gas & Consumable Fuels",12.77B
TRP,TC Energy,"Oil, Gas & Consumable Fuels",53.46B
TTE,TotalEnergies,"Oil, Gas & Consumable Fuels",132.96B
UEC,Uranium Energy,"Oil, Gas & Consumable Fuels",1.01B
UGP,Ultrapar Participacoes,"Oil, Gas & Consumable Fuels",2.52B
URG,Ur-Energy,"Oil, Gas & Consumable Fuels",356.82M
USDP,USD Partners,"Oil, Gas & Consumable Fuels",189.10M
USEG,U.S. Energy,"Oil, Gas & Consumable Fuels",17.82M
UUUU,Energy Fuels,"Oil, Gas & Consumable Fuels",1.26B
VET,Vermilion Energy,"Oil, Gas & Consumable Fuels",1.81B
VIST,Vista Oil & Gas,"Oil, Gas & Consumable Fuels",558.88M
VLO,Valero Energy,"Oil, Gas & Consumable Fuels",31.90B
VNOM,Viper Energy Partners,"Oil, Gas & Consumable Fuels",1.79B
VOC,VOC Energy Trust,"Oil, Gas & Consumable Fuels",83.98M
VTNR,Vertex Energy,"Oil, Gas & Consumable Fuels",322.75M
WES,Western Midstream Partners,"Oil, Gas & Consumable Fuels",8.84B
WLL,Whiting Petroleum,"Oil, Gas & Consumable Fuels",2.60B
WMB,Williams Companies,"Oil, Gas & Consumable Fuels",34.67B
WTI,W&T Offshore,"Oil, Gas & Consumable Fuels",612.18M
WWR,Westwater Resources,"Oil, Gas & Consumable Fuels",114.65M
XOM,Exxon Mobil,"Oil, Gas & Consumable Fuels",277.85B
YPF,YPF S.A.,"Oil, Gas & Consumable Fuels",1.71B
EXN,Excellon Resources,Other Industrial Metals & Mining,44.39M
FURY,Fury Gold Mines,Other Industrial Metals & Mining,77.89M
LGO,Largo Resources,Other Industrial Metals & Mining,810.52M
NMG,Nouveau Monde Graphite,Other Industrial Metals & Mining,508.57M
SGML,Sigma Lithium,Other Industrial Metals & Mining,618.23M
SLI,Standard Lithium,Other Industrial Metals & Mining,1.09B
TMC,TMC the metals company,Other Industrial Metals & Mining,652.96M
GATO,Gatos Silver,Other Precious Metals & Mining,868.60M
ITRG,Integra Resources,Other Precious Metals & Mining,147.19M
NSR,Nomad Royalty Company,Other Precious Metals & Mining,441.79M
PPTA,Perpetua Resources,Other Precious Metals & Mining,296.46M
BON,Bon Natural Life,Packaged Foods,55.31M
BRCN,Burcon NutraScience,Packaged Foods,156.33M
BTTR,Better Choice Company,Packaged Foods,117.16M
FREE,Whole Earth Brands,Packaged Foods,472.42M
LSF,Laird Superfood,Packaged Foods,160.57M
MITC,Meat-Tech 3D,Packaged Foods,91.70M
SNAX,Stryve Foods,Packaged Foods,46.02M
SOVO,Sovos Brands,Packaged Foods,1.66B
THRN,Thorne HealthTech,Packaged Foods,440.07M
TTCF,Tattooed Chef,Packaged Foods,1.48B
VGFC,Very Good Food Company,Packaged Foods,201.66M
AMBP,Ardagh MP USA,Packaging & Containers,6.23B
GEF.B,Greif,Packaging & Containers,3.16B
KRT,Karat Packaging,Packaging & Containers,468.22M
REYN,Reynolds Consumer Products,Packaging & Containers,5.73B
BCC,Boise Cascade,Paper & Forest Products,2.35B
CLW,Clearwater Paper,Paper & Forest Products,688.52M
GLT,Glatfelter,Paper & Forest Products,755.15M
ITP,IT Tech Packaging,Paper & Forest Products,40.70M
LPX,Louisiana-Pacific,Paper & Forest Products,5.74B
MERC,Mercer International,Paper & Forest Products,709.90M
NP,Neenah,Paper & Forest Products,897.26M
RFP,Resolute Forest Products,Paper & Forest Products,944.55M
SUZ,Suzano,Paper & Forest Products,11.82B
SWM,Schweitzer-Mauduit International,Paper & Forest Products,1.15B
UFS,Domtar,Paper & Forest Products,2.76B
VRS,Verso,Paper & Forest Products,649.17M
WFG,West Fraser Timber,Paper & Forest Products,8.58B
SLVM,Sylvamo,Paper & Paper Products,1.22B
BRBR,Bellring Brands,Personal Products,1.07B
COTY,Coty Inc.,Personal Products,7.11B
CYAN,Cyanotech,Personal Products,19.23M
EL,Estée Lauder,Personal Products,117.43B
ELF,e.l.f. Beauty,Personal Products,1.70B
EPC,Edgewell Personal Care,Personal Products,1.94B
GHSI,Guardion Health Sciences,Personal Products,37.13M
HAPP,Happiness Biotech Group,Personal Products,30.83M
HLF,Herbalife Nutrition,Personal Products,5.27B
IPAR,Inter Parfums,Personal Products,2.88B
LFVN,LifeVantage Corporation,Personal Products,89.74M
MED,Medifast,Personal Products,2.48B
MTEX,Mannatech,Personal Products,77.86M
NAII,Natural Alternatives International,Personal Products,82.69M
NATR,Nature's Sunshine Products,Personal Products,314.60M
NEPT,Neptune Wellness Solutions,Personal Products,86.87M
NHTC,Natural Health Trends,Personal Products,86.47M
NTCO,Natura &Co Holding,Personal Products,9.82B
NUS,Nu Skin Enterprises,Personal Products,2.04B
REV,Revlon,Personal Products,573.01M
SISI,Shineco,Personal Products,46.30M
SXTC,China SXT Pharmaceuticals,Personal Products,15.37M
UG,United-Guardian,Personal Products,65.70M
UL,Unilever PLC,Personal Products,138.50B
USNA,USANA Health Sciences,Personal Products,1.98B
VERU,Veru Inc.,Personal Products,673.97M
YSG,Yatsen Holding,Personal Products,1.92B
ZIVO,Zivo Bioscience,Personal Products,34.75M
DSEY,Diversey Holdings,Personal Services,5.31B
EM,Smart Share Global,Personal Services,675.97M
MCW,Mister Car Wash,Personal Services,5.41B
MRM,Medirom Healthcare,Personal Services,35.72M
ROVR,Rover Group,Personal Services,2.15B
TMX,Terminix Global Holdings,Personal Services,5.10B
HITI,High Tide,Pharmaceutical Retailers,311.10M
LFMD,LifeMD,Pharmaceutical Retailers,160.00M
MEDS,Trxade Group,Pharmaceutical Retailers,34.63M
ACB,Aurora Cannabis,Pharmaceuticals,1.39B
ACER,Acer Therapeutics,Pharmaceuticals,34.06M
ACRS,Aclaris Therapeutics,Pharmaceuticals,1.13B
ACRX,AcelRx Pharmaceuticals,Pharmaceuticals,103.21M
ACST,Acasti Pharma,Pharmaceuticals,76.62M
ADIL,Adial Pharmaceuticals,Pharmaceuticals,64.21M
ADMP,Adamis Pharmaceuticals,Pharmaceuticals,157.82M
AERI,Aerie Pharmaceuticals,Pharmaceuticals,520.51M
AGRX,Agile Therapeutics,Pharmaceuticals,97.77M
AKTX,Akari Therapeutics,Pharmaceuticals,78.54M
ALIM,Alimera Sciences,Pharmaceuticals,29.57M
AMPE,Ampio Pharmaceuticals,Pharmaceuticals,310.71M
AMPH,Amphastar Pharmaceuticals,Pharmaceuticals,906.84M
AMRX,Amneal Pharmaceuticals,Pharmaceuticals,827.00M
ANIP,ANI Pharmaceuticals,Pharmaceuticals,713.29M
AQST,Aquestive Therapeutics,Pharmaceuticals,203.77M
ARTL,Artelo Biosciences,Pharmaceuticals,21.31M
ARVN,Arvinas,Pharmaceuticals,4.68B
ASRT,Assertio Therapeutics,Pharmaceuticals,50.72M
ATXI,Avenue Therapeutics,Pharmaceuticals,27.87M
AVDL,Avadel Pharmaceuticals,Pharmaceuticals,573.66M
AVIR,Atea Pharmaceuticals,Pharmaceuticals,993.32M
AXSM,Axsome Therapeutics,Pharmaceuticals,1.50B
AYTU,Aytu BioScience,Pharmaceuticals,71.09M
AZN,AstraZeneca,Pharmaceuticals,194.63B
BDSI,BioDelivery Sciences,Pharmaceuticals,409.18M
BHC,Bausch Health Companies,Pharmaceuticals,10.24B
BMY,Bristol-Myers Squibb,Pharmaceuticals,130.25B
BVXV,BiondVax Pharmaceuticals,Pharmaceuticals,31.53M
CARA,Cara Therapeutics,Pharmaceuticals,876.57M
CBAY,CymaBay Therapeutics,Pharmaceuticals,287.72M
CGC,Canopy Growth,Pharmaceuticals,5.23B
CLSD,Clearside Biomedical,Pharmaceuticals,326.54M
CNSP,CNS Pharmaceuticals,Pharmaceuticals,34.49M
CNTX,Context Therapeutics,Pharmaceuticals,57.05M
COCP,Cocrystal Pharma,Pharmaceuticals,92.11M
COLL,Collegium Pharmaceutical,Pharmaceuticals,733.34M
CORT,Corcept Therapeutics,Pharmaceuticals,2.11B
CPHI,China Pharma Holdings,Pharmaceuticals,27.47M
CPIX,Cumberland Pharmaceuticals,Pharmaceuticals,38.84M
CRMD,CorMedix,Pharmaceuticals,211.76M
CRON,Cronos Group,Pharmaceuticals,2.02B
CTLT,Catalent,Pharmaceuticals,23.76B
CTXR,Citius Pharmaceuticals,Pharmaceuticals,272.98M
DRRX,DURECT Corporation,Pharmaceuticals,293.47M
ELAN,Elanco Animal Health,Pharmaceuticals,15.55B
ELOX,Eloxx Pharmaceuticals,Pharmaceuticals,124.13M
ENDP,Endo International,Pharmaceuticals,1.08B
EOLS,Evolus,Pharmaceuticals,457.35M
ETON,Eton Pharmaceuticals,Pharmaceuticals,155.23M
EVFM,Evofem Biosciences,Pharmaceuticals,107.68M
EVOK,Evoke Pharma,Pharmaceuticals,40.22M
EYEG,EyeGate Pharmaceuticals,Pharmaceuticals,25.11M
EYEN,Eyenovia,Pharmaceuticals,100.16M
EYPT,EyePoint Pharmaceuticals,Pharmaceuticals,349.27M
FULC,Fulcrum Therapeutics,Pharmaceuticals,886.97M
GSK,GlaxoSmithKline,Pharmaceuticals,107.15B
HCM,HUTCHMED,Pharmaceuticals,5.34B
HEPA,Hepion Pharmaceuticals,Pharmaceuticals,111.29M
HEXO,HEXO Corp.,Pharmaceuticals,389.98M
HOTH,Hoth Therapeutics,Pharmaceuticals,26.26M
HROW,Harrow Health,Pharmaceuticals,281.85M
HZNP,Horizon Therapeutics,Pharmaceuticals,26.72B
INVA,"Innoviva, Inc.",Pharmaceuticals,1.21B
ITCI,Intra-Cellular Therapies,Pharmaceuticals,3.72B
ITRM,Iterum Therapeutics,Pharmaceuticals,102.35M
JAGX,Jaguar Health,Pharmaceuticals,98.17M
JAZZ,Jazz Pharmaceuticals,Pharmaceuticals,8.34B
JNJ,Johnson & Johnson,Pharmaceuticals,429.15B
KALA,Kala Pharmaceuticals,Pharmaceuticals,118.25M
KLDO,Kaleido Biosciences,Pharmaceuticals,190.32M
KMPH,KemPharm,Pharmaceuticals,337.12M
LCI,Lannett Company,Pharmaceuticals,112.88M
LLY,Eli Lilly,Pharmaceuticals,238.49B
LPCN,Lipocine,Pharmaceuticals,93.59M
LQDA,Liquidia Technologies,Pharmaceuticals,198.54M
MDWD,MediWound,Pharmaceuticals,97.81M
MIST,Milestone Pharmaceuticals,Pharmaceuticals,170.12M
MRK,Merck,Pharmaceuticals,222.36B
MRNS,Marinus Pharmaceuticals,Pharmaceuticals,436.07M
NBRV,Nabriva Therapeutics,Pharmaceuticals,60.95M
NBY,NovaBay Pharmaceuticals,Pharmaceuticals,23.60M
NGM,NGM Biopharmaceuticals,Pharmaceuticals,1.48B
NKTR,Nektar Therapeutics,Pharmaceuticals,2.98B
NMTR,9 Meters Biopharma,Pharmaceuticals,326.08M
NOVN,Novan,Pharmaceuticals,131.13M
NVO,Novo Nordisk A/S,Pharmaceuticals,251.45B
NVS,Novartis,Pharmaceuticals,188.46B
OCUL,Ocular Therapeutix,Pharmaceuticals,542.21M
ODT,Odonate Therapeutics,Pharmaceuticals,120.50M
OGI,OrganiGram Holdings,Pharmaceuticals,687.35M
OMER,Omeros,Pharmaceuticals,429.97M
ONTX,Onconova Therapeutics,Pharmaceuticals,74.60M
OPNT,Opiant Pharmaceuticals,Pharmaceuticals,105.72M
OPTN,OptiNose,Pharmaceuticals,149.27M
ORMP,Oramed Pharmaceuticals,Pharmaceuticals,815.45M
OSMT,Osmotica Pharmaceuticals,Pharmaceuticals,149.90M
OTIC,Otonomy,Pharmaceuticals,119.60M
PAHC,Phibro Animal Health,Pharmaceuticals,908.90M
PBH,Prestige Consumer Healthcare,Pharmaceuticals,3.03B
PCRX,Pacira Biosciences,Pharmaceuticals,2.39B
PFE,Pfizer,Pharmaceuticals,244.68B
PHAT,Phathom Pharmaceuticals,Pharmaceuticals,733.11M
PLXP,PLx Pharma,Pharmaceuticals,337.08M
PRGO,Perrigo,Pharmaceuticals,6.20B
PRPH,ProPhase Labs,Pharmaceuticals,87.14M
PRTK,Paratek Pharmaceuticals,Pharmaceuticals,253.73M
PRVB,Provention Bio,Pharmaceuticals,414.47M
PULM,Pulmatrix,Pharmaceuticals,50.46M
RDHL,RedHill Biopharma,Pharmaceuticals,247.62M
RDY,Dr. Reddy's Laboratories,Pharmaceuticals,10.71B
REPH,Recro Pharma,Pharmaceuticals,90.43M
RETA,Reata Pharmaceuticals,Pharmaceuticals,3.60B
RLMD,Relmada Therapeutics,Pharmaceuticals,433.16M
RPRX,Royalty Pharma,Pharmaceuticals,16.96B
RVNC,Revance Therapeutics,Pharmaceuticals,1.03B
SAVA,Cassava Sciences,Pharmaceuticals,1.85B
SCPH,scPharmaceuticals,Pharmaceuticals,164.41M
SCYX,SCYNEXIS,Pharmaceuticals,120.27M
SEEL,Seelos Therapeutics,Pharmaceuticals,232.26M
SIGA,SIGA Technologies,Pharmaceuticals,544.31M
SLGL,Sol-Gel Technologies,Pharmaceuticals,211.41M
SNDL,Sundial Growers,Pharmaceuticals,1.35B
SNES,SenesTech,Pharmaceuticals,18.53M
SNOA,Sonoma Pharmaceuticals,Pharmaceuticals,16.25M
SNY,Sanofi,Pharmaceuticals,128.92B
STSA,Satsuma Pharmaceuticals,Pharmaceuticals,190.44M
SUPN,Supernus Pharmaceuticals,Pharmaceuticals,1.61B
TAK,Takeda Pharmaceutical,Pharmaceuticals,45.07B
TARO,Taro Pharmaceutical Industries,Pharmaceuticals,2.11B
TBPH,Theravance Biopharma,Pharmaceuticals,589.97M
TCDA,Tricida,Pharmaceuticals,240.04M
TEVA,Teva Pharmaceutical,Pharmaceuticals,10.18B
TFFP,TFF Pharmaceuticals,Pharmaceuticals,200.69M
TLRY,Tilray,Pharmaceuticals,4.98B
TRVI,Trevi Therapeutics,Pharmaceuticals,31.53M
TTNP,Titan Pharmaceuticals,Pharmaceuticals,17.06M
TXMD,TherapeuticsMD,Pharmaceuticals,321.47M
VRCA,Verrica Pharmaceuticals,Pharmaceuticals,356.87M
VRNA,Verona Pharma,Pharmaceuticals,316.99M
VTRS,Viatris,Pharmaceuticals,16.71B
WVE,Wave Life Sciences,Pharmaceuticals,241.67M
XENT,Intersect ENT,Pharmaceuticals,907.69M
XERS,Xeris Pharmaceuticals,Pharmaceuticals,246.90M
YCBD,cbdMD,Pharmaceuticals,101.69M
ZGNX,Zogenix,Pharmaceuticals,861.38M
ZOM,Zomedica,Pharmaceuticals,507.11M
ZTS,Zoetis,Pharmaceuticals,101.23B
ZYNE,Zynerba Pharmaceuticals,Pharmaceuticals,166.24M
PCT,PureCycle Technologies,Pollution & Treatment Controls,1.71B
ACTG,Acacia Research,Professional Services,290.70M
ASGN,ASGN Incorporated,Professional Services,6.42B
ATIF,ATIF Holdings,Professional Services,36.74M
BBSI,Barrett Business Services,Professional Services,632.70M
BGSF,BG Staffing,Professional Services,127.42M
CBZ,"CBIZ, Inc.",Professional Services,1.95B
CIH,China Index Holdings,Professional Services,135.97M
CLVT,Clarivate,Professional Services,15.04B
CRAI,CRA International,Professional Services,822.11M
CSGP,CoStar Group,Professional Services,33.63B
DLHC,DLH Holdings,Professional Services,186.42M
DNB,Dun & Bradstreet,Professional Services,8.19B
EFX,Equifax,Professional Services,33.86B
EXPO,Exponent,Professional Services,5.97B
FC,Franklin Covey,Professional Services,600.11M
FCN,FTI Consulting,Professional Services,5.04B
FORR,Forrester Research,Professional Services,1.02B
HHR,Headhunter Group,Professional Services,2.70B
HIL,Hill International,Professional Services,121.24M
HQI,HireQuest,Professional Services,252.34M
HRT,HireRight Holdings,Professional Services,1.39B
HSII,Heidrick & Struggles,Professional Services,941.76M
HSON,Hudson Global,Professional Services,47.13M
HURN,Huron Consulting Group,Professional Services,1.17B
ICFI,ICF International,Professional Services,1.91B
INFO,IHS Markit,Professional Services,50.67B
JOB,GEE Group,Professional Services,55.57M
JOBS,51job,Professional Services,4.05B
KELYA,Kelly Services,Professional Services,744.08M
KELYB,Kelly Services,Professional Services,731.02M
KERN,Akerna,Professional Services,87.36M
KFRC,Kforce,Professional Services,1.44B
KFY,Korn Ferry,Professional Services,4.36B
LTBR,Lightbridge,Professional Services,76.86M
MAN,ManpowerGroup,Professional Services,5.39B
MG,MISTRAS Group,Professional Services,314.63M
MHH,Mastech Digital,Professional Services,217.15M
NLSN,Nielsen,Professional Services,7.59B
NSP,Insperity,Professional Services,4.99B
PIXY,ShiftPixy,Professional Services,37.61M
RCMT,RCM Technologies,Professional Services,67.98M
RDVT,Red Violet,Professional Services,415.20M
REKR,Rekor Systems,Professional Services,612.88M
RELX,Relx PLC,Professional Services,60.45B
RHI,Robert Half International,Professional Services,12.79B
STAF,Staffing 360 Solutions,Professional Services,22.23M
STN,Stantec,Professional Services,6.11B
TBI,TrueBlue,Professional Services,1.00B
TNET,TriNet Group,Professional Services,6.68B
TRI,Thomson Reuters,Professional Services,58.97B
TRU,TransUnion,Professional Services,22.02B
UPWK,Upwork,Professional Services,6.29B
VOLT,Volt Information Sciences,Professional Services,72.64M
VRSK,Verisk Analytics,Professional Services,33.71B
WLDN,Willdan Group,Professional Services,453.60M
GCI,Gannett,Publishing,884.23M
IDW,IDW Media,Publishing,33.22M
JW.B,John Wiley & Sons,Publishing,3.03B
BRDG,Bridge Investment Group,REIT-Diversified,485.88M
BRSP,BrightSpire Capital,REIT-Diversified,1.29B
DBRG,DigitalBridge Group,REIT-Diversified,3.56B
GIPR,Generation Income Properties,REIT-Diversified,15.66M
NREF,NexPoint Real Estate Finance,REIT-Diversified,187.37M
SQFT,Presidio Property Trust,REIT-Diversified,42.03M
AOMR,Angel Oak Mortgage,REIT-Mortgage,449.87M
LFT,Lument Finance Trust,REIT-Mortgage,99.54M
SEVN,Seven Hills Realty Trust,REIT-Mortgage,0.00
NYC,New York City REIT,REIT-Office,103.44M
PECO,Phillips Edison & Company,REIT-Retail,3.26B
AFCG,AFC Gamma,REIT-Specialty,389.03M
AAMC,Altisource Asset Management,Real Estate Management & Development,52.31M
ARL,American Realty Investors,Real Estate Management & Development,192.29M
ASPS,Altisource Portfolio Solutions,Real Estate Management & Development,217.47M
BEKE,KE Holdings,Real Estate Management & Development,23.41B
CBRE,CBRE Group,Real Estate Management & Development,33.88B
CIGI,Colliers International Group,Real Estate Management & Development,6.35B
CKX,CKX Lands,Real Estate Management & Development,23.54M
CRESY,Cresud,Real Estate Management & Development,644.27M
CTO,Consolidated-Tomoka Land Co.,Real Estate Management & Development,322.73M
CWK,Cushman & Wakefield,Real Estate Management & Development,4.07B
EXPI,eXp World Holdings,Real Estate Management & Development,7.85B
FOR,Forestar Group,Real Estate Management & Development,1.01B
FPH,Five Point Holdings,Real Estate Management & Development,1.13B
FRPH,FRP Holdings,Real Estate Management & Development,519.39M
FSV,FirstService,Real Estate Management & Development,8.64B
FTHM,Fathom Holdings,Real Estate Management & Development,387.66M
GYRO,Gyrodyne,Real Estate Management & Development,17.81M
HGSH,China HGS Real Estate,Real Estate Management & Development,50.98M
HHC,Howard Hughes Corp,Real Estate Management & Development,4.83B
INTG,InterGroup Corporation,Real Estate Management & Development,103.34M
IRCP,IRSA Propiedades Comerciales,Real Estate Management & Development,372.10M
IRS,IRSA Inversiones y Representaciones,Real Estate Management & Development,701.74M
JLL,Jones Lang LaSalle,Real Estate Management & Development,13.07B
JOE,The St. Joe Company,Real Estate Management & Development,2.75B
KW,Kennedy-Wilson Holdings,Real Estate Management & Development,3.46B
LMRK,Landmark Infrastructure Partners,Real Estate Management & Development,416.49M
MAYS,J.W. Mays,Real Estate Management & Development,69.54M
MDJH,MDJM Ltd.,Real Estate Management & Development,47.52M
MLP,Maui Land & Pineapple,Real Estate Management & Development,202.24M
MMI,Marcus & Millichap,Real Estate Management & Development,1.82B
NEN,New England Realty Associates,Real Estate Management & Development,220.08M
NMRK,Newmark Group,Real Estate Management & Development,2.94B
NTP,Nam Tai Property,Real Estate Management & Development,972.42M
OBAS,Optibase,Real Estate Management & Development,59.07M
OPEN,Opendoor Technologies,Real Estate Management & Development,14.96B
QK,Q&K International Group,Real Estate Management & Development,44.72M
RDFN,Redfin,Real Estate Management & Development,5.62B
RFL,Rafael Holdings,Real Estate Management & Development,152.89M
RLGY,Realogy Holdings,Real Estate Management & Development,2.06B
RMAX,RE/MAX Holdings,Real Estate Management & Development,609.99M
RMR,RMR Group,Real Estate Management & Development,576.41M
STRS,Stratus Properties,Real Estate Management & Development,276.61M
TCI,Transcontinental Realty Investors,Real Estate Management & Development,328.81M
TPHS,Trinity Place Holdings,Real Estate Management & Development,71.10M
TRC,Tejon Ranch,Real Estate Management & Development,509.12M
XIN,Xinyuan Real Estate,Real Estate Management & Development,76.76M
OPAD,Offerpad Solutions,Real Estate Services,1.90B
REAX,Real Brokerage,Real Estate Services,386.27M
TCN,Tricon Residential,Real Estate Services,0.00
UK,Ucommune International,Real Estate Services,87.39M
AEI,Alset Ehome International,Real Estate-Development,81.90M
HCDI,Harbor Custom Development,Real Estate-Development,28.75M
LSEA,Landsea Homes,Real Estate-Development,417.46M
OZ,Belpointe PREP,Real Estate-Development,0.00
VINO,Gaucho Group Holdings,Real Estate-Diversified,25.22M
EZGO,EZGO Technologies,Recreational Vehicles,38.87M
HLBZ,Helbiz,Recreational Vehicles,323.89M
REE,REE Automotive,Recreational Vehicles,1.28B
VEEE,Twin Vee PowerCats,Recreational Vehicles,26.74M
PRG,PROG Holdings,Rental & Leasing Services,2.83B
DFH,Dream Finders Homes,Residential Construction,1.47B
BFI,BurgerFi International,Restaurants,149.59M
BH.A,Biglari Holdings,Restaurants,525.89M
BROS,Dutch Bros,Restaurants,3.81B
BTB,Bit Brother,Restaurants,43.17M
FWRG,First Watch Restaurant Group,Restaurants,1.24B
GRIL,Muscle Maker,Restaurants,29.59M
PTLO,Portillo's,Restaurants,2.99B
WNW,Wunong Net Technology,Restaurants,85.75M
ARCB,ArcBest,Road & Rail,2.47B
CAR,Avis Budget Group,Road & Rail,11.41B
CNI,Canadian National Railway,Road & Rail,94.15B
CP,Canadian Pacific Railway,Road & Rail,51.59B
CSX,CSX Corporation,Road & Rail,79.16B
CVLG,Covenant Logistics,Road & Rail,478.40M
DSKE,Daseke,Road & Rail,592.08M
GLG,TD Holdings,Road & Rail,69.89M
HTLD,Heartland Express,Road & Rail,1.29B
JBHT,J.B. Hunt,Road & Rail,20.56B
KNX,Knight-Swift Transportation,Road & Rail,9.55B
KSU,Kansas City Southern,Road & Rail,28.17B
LSTR,Landstar System,Road & Rail,6.86B
LYFT,Lyft,Road & Rail,15.56B
MRTN,Marten Transport,Road & Rail,1.41B
NSC,Norfolk Southern,Road & Rail,70.25B
ODFL,Old Dominion Freight Line,Road & Rail,39.95B
PATI,Patriot Transportation Holding,Road & Rail,52.84M
PTSI,P.A.M. Transportation Services,Road & Rail,677.30M
R,Ryder System,Road & Rail,4.65B
SAIA,"Saia, Inc.",Road & Rail,8.64B
SNDR,Schneider National,Road & Rail,4.58B
TFII,TFI International,Road & Rail,9.98B
UBER,Uber Technologies,Road & Rail,85.96B
UHAL,Amerco,Road & Rail,14.53B
ULH,Universal Logistics Holdings,Road & Rail,549.43M
UNP,Union Pacific,Road & Rail,153.94B
USAK,USA Truck,Road & Rail,173.26M
USX,U.S. Xpress Enterprises,Road & Rail,392.67M
WERN,Werner Enterprises,Road & Rail,3.10B
YELL,Yellow Corporation,Road & Rail,468.64M
AATC,Autoscope Technologies,Scientific & Technical Instruments,37.03M
BKSY,BlackSky Technology,Scientific & Technical Instruments,1.14B
VLDR,Velodyne Lidar,Scientific & Technical Instruments,1.29B
SVVC,Firsthand Technology Value Fund,Securities and Commodity Exchanges,29.64M
EVLV,Evolv Technologies,Security & Protection Services,935.58M
GFAI,Guardforce AI Co.,Security & Protection Services,55.97M
VVNT,Vivint Smart Home,Security & Protection Services,2.05B
INDI,indie Semiconductor,Semiconductor Equipment & Materials,1.84B
GFS,GlobalFoundries,Semiconductors,28.80B
RKLY,Rockley Photonics,Semiconductors,887.94M
SKYT,SkyWater Technology,Semiconductors,1.34B
VLN,Valens Semiconductor,Semiconductors,166.34M
ACLS,Axcelis Technologies,Semiconductors & Semiconductor Equipment,1.90B
ACMR,ACM Research,Semiconductors & Semiconductor Equipment,2.16B
ADI,Analog Devices,Semiconductors & Semiconductor Equipment,94.04B
AEHR,Aehr Test Systems,Semiconductors & Semiconductor Equipment,599.13M
AEIS,Advanced Energy Industries,Semiconductors & Semiconductor Equipment,3.61B
AIP,Arteris,Semiconductors & Semiconductor Equipment,707.02M
ALGM,Allegro MicroSystems,Semiconductors & Semiconductor Equipment,5.94B
AMAT,Applied Materials,Semiconductors & Semiconductor Equipment,125.97B
AMBA,Ambarella,Semiconductors & Semiconductor Equipment,7.00B
AMD,Advanced Micro Devices,Semiconductors & Semiconductor Equipment,151.23B
AMKR,Amkor Technology,Semiconductors & Semiconductor Equipment,5.58B
AOSL,Alpha & Omega Semiconductor,Semiconductors & Semiconductor Equipment,973.34M
ASML,ASML Holding,Semiconductors & Semiconductor Equipment,335.98B
ASX,ASE Technology,Semiconductors & Semiconductor Equipment,15.49B
ASYS,Amtech Systems,Semiconductors & Semiconductor Equipment,212.09M
ATOM,Atomera,Semiconductors & Semiconductor Equipment,513.36M
AVGO,Broadcom,Semiconductors & Semiconductor Equipment,217.35B
AXTI,AXT Inc.,Semiconductors & Semiconductor Equipment,361.73M
BRKS,Brooks Automation,Semiconductors & Semiconductor Equipment,8.87B
CAMT,Camtek,Semiconductors & Semiconductor Equipment,1.78B
CCMP,CMC Materials,Semiconductors & Semiconductor Equipment,3.92B
CEVA,"CEVA, Inc.",Semiconductors & Semiconductor Equipment,1.07B
COHU,"Cohu, Inc.",Semiconductors & Semiconductor Equipment,1.67B
CRUS,Cirrus Logic,Semiconductors & Semiconductor Equipment,4.77B
CSIQ,Canadian Solar,Semiconductors & Semiconductor Equipment,2.48B
CVV,CVD Equipment,Semiconductors & Semiconductor Equipment,32.42M
CYBE,CyberOptics,Semiconductors & Semiconductor Equipment,312.88M
DIOD,Diodes Incorporated,Semiconductors & Semiconductor Equipment,4.46B
DQ,Daqo New Energy,Semiconductors & Semiconductor Equipment,5.51B
DSPG,DSP Group,Semiconductors & Semiconductor Equipment,530.12M
EMAN,eMagin,Semiconductors & Semiconductor Equipment,197.21M
ENPH,Enphase Energy,Semiconductors & Semiconductor Equipment,32.32B
ENTG,Entegris,Semiconductors & Semiconductor Equipment,19.37B
FORM,FormFactor,Semiconductors & Semiconductor Equipment,3.21B
FSLR,First Solar,Semiconductors & Semiconductor Equipment,12.88B
GSIT,GSI Technology,Semiconductors & Semiconductor Equipment,134.36M
HIMX,Himax Technologies,Semiconductors & Semiconductor Equipment,1.93B
ICHR,Ichor Holdings,Semiconductors & Semiconductor Equipment,1.31B
IMOS,ChipMOS Technologies,Semiconductors & Semiconductor Equipment,1.23B
INTC,Intel,Semiconductors & Semiconductor Equipment,201.52B
INTT,inTEST Corporation,Semiconductors & Semiconductor Equipment,126.27M
JKS,JinkoSolar Holding,Semiconductors & Semiconductor Equipment,2.71B
KLAC,KLA Corporation,Semiconductors & Semiconductor Equipment,57.80B
KLIC,Kulicke & Soffa Industries,Semiconductors & Semiconductor Equipment,3.59B
KOPN,Kopin Corporation,Semiconductors & Semiconductor Equipment,526.98M
LEDS,SemiLEDs,Semiconductors & Semiconductor Equipment,35.07M
LRCX,Lam Research,Semiconductors & Semiconductor Equipment,80.64B
LSCC,Lattice Semiconductor,Semiconductors & Semiconductor Equipment,9.85B
MAXN,Maxeon Solar Technologies,Semiconductors & Semiconductor Equipment,1.07B
MCHP,Microchip Technology,Semiconductors & Semiconductor Equipment,42.15B
MKSI,MKS Instruments,Semiconductors & Semiconductor Equipment,8.48B
MOSY,MoSys,Semiconductors & Semiconductor Equipment,57.76M
MPWR,Monolithic Power Systems,Semiconductors & Semiconductor Equipment,24.30B
MRAM,Everspin Technologies,Semiconductors & Semiconductor Equipment,120.76M
MRVL,Marvell Technology,Semiconductors & Semiconductor Equipment,56.80B
MTSI,MACOM Technology Solutions,Semiconductors & Semiconductor Equipment,4.87B
MU,Micron Technology,Semiconductors & Semiconductor Equipment,79.09B
MX,MagnaChip Semiconductor,Semiconductors & Semiconductor Equipment,900.95M
MXL,MaxLinear,Semiconductors & Semiconductor Equipment,5.10B
NPTN,NeoPhotonics,Semiconductors & Semiconductor Equipment,540.64M
NVDA,NVIDIA,Semiconductors & Semiconductor Equipment,643.61B
NVEC,NVE Corporation,Semiconductors & Semiconductor Equipment,331.46M
NVMI,Nova Measuring Instruments,Semiconductors & Semiconductor Equipment,3.14B
NXPI,NXP Semiconductors,Semiconductors & Semiconductor Equipment,54.39B
OIIM,O2Micro International,Semiconductors & Semiconductor Equipment,179.48M
OLED,Universal Display,Semiconductors & Semiconductor Equipment,8.83B
ON,ON Semiconductor,Semiconductors & Semiconductor Equipment,23.67B
ONTO,Onto Innovation,Semiconductors & Semiconductor Equipment,3.98B
PDFS,PDF Solutions,Semiconductors & Semiconductor Equipment,879.38M
PI,Impinj,Semiconductors & Semiconductor Equipment,1.78B
PLAB,Photronics,Semiconductors & Semiconductor Equipment,830.43M
POWI,Power Integrations,Semiconductors & Semiconductor Equipment,6.29B
PXLW,Pixelworks,Semiconductors & Semiconductor Equipment,227.04M
QCOM,Qualcomm,Semiconductors & Semiconductor Equipment,152.07B
QRVO,Qorvo,Semiconductors & Semiconductor Equipment,19.12B
QUIK,QuickLogic,Semiconductors & Semiconductor Equipment,71.76M
RBCN,Rubicon Technology,Semiconductors & Semiconductor Equipment,24.85M
RMBS,Rambus,Semiconductors & Semiconductor Equipment,2.56B
SEDG,SolarEdge Technologies,Semiconductors & Semiconductor Equipment,18.87B
SGH,SMART Global Holdings,Semiconductors & Semiconductor Equipment,1.36B
SIMO,Silicon Motion Technology,Semiconductors & Semiconductor Equipment,2.54B
SITM,SiTime,Semiconductors & Semiconductor Equipment,5.14B
SLAB,Silicon Laboratories,Semiconductors & Semiconductor Equipment,7.76B
SMTC,Semtech,Semiconductors & Semiconductor Equipment,5.63B
SPI,SPI Energy,Semiconductors & Semiconductor Equipment,123.13M
SPIR,Spire Global,Semiconductors & Semiconductor Equipment,845.65M
SPWR,SunPower,Semiconductors & Semiconductor Equipment,5.85B
SQNS,Sequans Communications,Semiconductors & Semiconductor Equipment,173.76M
STM,STMicroelectronics,Semiconductors & Semiconductor Equipment,43.57B
SWKS,Skyworks Solutions,Semiconductors & Semiconductor Equipment,28.04B
SYNA,Synaptics,Semiconductors & Semiconductor Equipment,8.17B
TER,Teradyne,Semiconductors & Semiconductor Equipment,23.03B
TRT,Trio-Tech International,Semiconductors & Semiconductor Equipment,18.27M
TSEM,Tower Semiconductor,Semiconductors & Semiconductor Equipment,3.69B
TSM,Taiwan Semiconductor,Semiconductors & Semiconductor Equipment,591.83B
TXN,Texas Instruments,Semiconductors & Semiconductor Equipment,173.13B
UCTT,Ultra Clean Holdings,Semiconductors & Semiconductor Equipment,2.39B
UMC,United Microelectronics,Semiconductors & Semiconductor Equipment,25.91B
VECO,Veeco Instruments,Semiconductors & Semiconductor Equipment,1.25B
WISA,Summit Wireless Technologies,Semiconductors & Semiconductor Equipment,40.50M
WOLF,Wolfspeed,Semiconductors & Semiconductor Equipment,15.15B
XLNX,Xilinx,Semiconductors & Semiconductor Equipment,45.88B
XPER,Xperi Corporation,Semiconductors & Semiconductor Equipment,1.92B
ASTL,Algoma Steel Group,Shell Companies,330.38M
BKKT,Bakkt Holdings,Shell Companies,1.73B
CHPM,CHP Merger,Shell Companies,377.25M
CMLT,CM Life Sciences III,Shell Companies,688.62M
CRHC,Cohn Robbins Holdings,Shell Companies,1.03B
ENJY,Enjoy Technology,Shell Companies,630.62M
ENPC,Executive Network Partnering,Shell Companies,436.29M
GWH,ESS Tech,Shell Companies,164.40M
HCCC,Healthcare Capital,Shell Companies,341.52M
HPX,HPX Corp.,Shell Companies,312.14M
KORE,KORE Group Holdings,Shell Companies,1.82B
LEAP,Ribbit LEAP,Shell Companies,606.70M
LHC,Leo Holdings II,Shell Companies,457.50M
LITT,Logistics Innovation Technologies,Shell Companies,417.59M
MCMJ,Merida Merger Corp. I,Shell Companies,174.85M
MIR,Mirion Technologies,Shell Companies,70.27M
NMMC,North Mountain Merger,Shell Companies,162.17M
NSTB,Northern Star Investment II,Shell Companies,496.50M
PRPB,CC Neuberger Principal Holdings II,Shell Companies,1.07B
SCVX,SCVX Corp.,Shell Companies,286.92M
SEAT,Vivid Seats,Shell Companies,1.31B
THCA,Tuscan Holdings Corp. II,Shell Companies,196.81M
TPGY,TPG Pace Beneficial Finance,Shell Companies,508.38M
WE,WeWork,Shell Companies,7.84B
ZGYH,Yunhong International,Shell Companies,91.95M
ACIW,ACI Worldwide,Software,3.77B
ADBE,Adobe,Software,304.61B
ADSK,Autodesk,Software,69.25B
AEYE,AudioEye,Software,114.61M
AGYS,Agilysys,Software,1.17B
AI,C3.ai,Software,4.65B
ALLT,Allot Ltd.,Software,534.35M
ALRM,Alarm.com,Software,4.27B
ALTR,Altair Engineering,Software,6.16B
AMSWA,American Software,Software,988.00M
ANSS,"ANSYS, Inc.",Software,32.85B
ANY,Sphere 3D,Software,396.37M
APPF,AppFolio,Software,4.72B
APPN,Appian Corporation,Software,7.03B
APPS,Digital Turbine,Software,8.78B
ASAN,Asana,Software,24.88B
ASUR,Asure Software,Software,191.98M
ATEN,A10 Networks,Software,1.19B
AVLR,Avalara,Software,15.74B
AVYA,Avaya Holdings,Software,1.66B
AWRE,Aware,Software,76.11M
AYX,Alteryx,Software,5.08B
AZPN,Aspen Technology,Software,10.44B
BB,BlackBerry,Software,6.46B
BILL,Bill.com,Software,30.71B
BKYI,BIO-key International,Software,24.65M
BL,BlackLine,Software,7.45B
BLIN,Bridgeline Digital,Software,28.96M
BLKB,Blackbaud,Software,3.52B
BNFT,Benefitfocus,Software,367.48M
BOX,"Box, Inc.",Software,3.92B
BSQR,Bsquare Corporation,Software,47.57M
BTBT,Bit Digital,Software,658.65M
CDAY,Ceridian HCM Holding,Software,19.04B
CDK,CDK Global,Software,5.43B
CDNS,Cadence Design Systems,Software,48.18B
CHKP,Check Point Software,Software,15.45B
CLSK,Cleanspark,Software,771.62M
CMCM,Cheetah Mobile,Software,245.54M
COUP,Coupa Software,Software,17.62B
CRM,Salesforce.com,Software,296.40B
CRNC,Cerence,Software,4.04B
CRWD,CrowdStrike,Software,61.42B
CTK,CooTek (Cayman) Inc.,Software,75.34M
CTXS,Citrix Systems,Software,11.77B
CVLT,Commvault Systems,Software,2.87B
CYBR,CyberArk Software,Software,7.18B
CYRN,Cyren Ltd.,Software,45.78M
DBX,Dropbox,Software,12.14B
DCT,Duck Creek Technologies,Software,4.13B
DDOG,Datadog,Software,51.21B
DMRC,Digimarc,Software,864.30M
DOCU,DocuSign,Software,54.68B
DOMO,"Domo, Inc.",Software,2.85B
DSGX,Descartes Systems Group,Software,6.98B
DT,Dynatrace,Software,21.06B
DTSS,Datasea,Software,53.08M
DUOT,Duos Technologies Group,Software,19.26M
EBIX,"Ebix, Inc.",Software,1.08B
ECOM,ChannelAdvisor,Software,764.33M
EGAN,eGain Corporation,Software,318.90M
EGHT,"8x8, Inc.",Software,2.65B
ENLV,Enlivex Therapeutics,Software,164.79M
ENV,Envestnet,Software,4.56B
EPAY,Bottomline Technologies,Software,2.14B
ESTC,Elastic,Software,16.00B
EVBG,Everbridge,Software,6.15B
EVOL,Evolving Systems,Software,33.83M
FICO,Fair Isaac,Software,11.36B
FIVN,Five9,Software,11.00B
FROG,JFrog,Software,3.24B
FRSH,Freshworks,Software,13.57B
FTNT,Fortinet,Software,52.93B
FUBO,FuboTV,Software,4.68B
GAME,Engine Media,Software,61.49M
GLOB,Globant,Software,13.24B
GTYH,GTY Technology,Software,411.22M
GVP,GSE Systems,Software,29.05M
GWRE,Guidewire Software,Software,9.92B
HUBS,HubSpot,Software,37.78B
IBEX,IBEX Holdings,Software,325.10M
IDEX,Ideanomics,Software,1.01B
INFA,Informatica,Software,8.12B
INS,Intelligent Systems,Software,364.65M
INTU,Intuit,Software,166.26B
INTZ,Intrusion,Software,71.03M
INUV,"Inuvo, Inc.",Software,86.64M
ISDR,Issuer Direct,Software,98.07M
JAMF,Jamf Holding,Software,5.76B
JG,Aurora Mobile,Software,187.48M
KLR,Kaleyra,Software,506.55M
LPSN,LivePerson,Software,3.65B
LSPD,Lightspeed Commerce,Software,14.92B
MANH,Manhattan Associates,Software,11.55B
MCFE,McAfee,Software,3.59B
MFGP,Micro Focus International,Software,1.73B
MFH,Mercurity Fintech Holding,Software,28.65M
MGIC,Magic Software Enterprises,Software,1.10B
MIME,Mimecast,Software,4.98B
MITK,Mitek Systems,Software,836.46M
MIXT,MiX Telematics,Software,303.97M
MNDO,MIND CTI Ltd.,Software,67.35M
MNDT,Mandiant,Software,4.25B
MNTV,Momentive,Software,3.38B
MODN,Model N,Software,1.22B
MRIN,Marin Software,Software,101.00M
MSFT,Microsoft,Software,"2,472.90B"
MSP,Datto,Software,3.83B
MSTR,MicroStrategy,Software,7.62B
MTC,"MMTec, Inc.",Software,37.43M
MTLS,Materialise,Software,1.52B
MYSZ,My Size,Software,19.10M
NCNO,"nCino, Inc.",Software,7.25B
NET,Cloudflare,Software,62.16B
NETE,Net Element,Software,57.19M
NEWR,New Relic,Software,5.35B
NICE,NICE Ltd.,Software,18.04B
NLOK,NortonLifeLock,Software,14.75B
NOW,ServiceNow,Software,135.71B
NTNX,Nutanix,Software,7.61B
NTWK,NetSol Technologies,Software,52.95M
NUAN,Nuance Communications,Software,17.34B
NXTD,Nxt-ID,Software,38.86M
OCFT,OneConnect Financial Technology,Software,1.29B
OPRA,Opera,Software,968.38M
ORCL,Oracle,Software,258.01B
OSPN,OneSpan,Software,828.34M
OTEX,Open Text,Software,13.72B
PANW,Palo Alto Networks,Software,49.51B
PAYC,Paycom Software,Software,32.85B
PBTS,Powerbridge Technologies,Software,72.03M
PCTY,Paylocity Holding,Software,16.82B
PCYG,Park City Group,Software,110.55M
PD,PagerDuty,Software,3.59B
PEGA,Pegasystems,Software,9.78B
PING,Ping Identity,Software,2.31B
PLAN,Anaplan,Software,9.61B
PLTR,Palantir,Software,51.87B
PRGS,Progress Software,Software,2.29B
PRO,PROS Holdings,Software,1.40B
PTC,PTC Inc.,Software,14.88B
QADA,QAD Inc.,Software,1.84B
QADB,QAD Inc.,Software,1.84B
QLYS,Qualys,Software,4.85B
QTWO,Q2 Holdings,Software,4.43B
QUMU,Qumu Corporation,Software,37.40M
RIOT,Riot Blockchain,Software,2.70B
RMNI,Rimini Street,Software,933.11M
RNG,RingCentral,Software,23.10B
RNWK,RealNetworks,Software,73.33M
RPD,Rapid7,Software,7.07B
SAIL,SailPoint Technologies,Software,4.57B
SAP,SAP SE,Software,174.43B
SCWX,SecureWorks,Software,1.59B
SEAC,SeaChange International,Software,47.34M
SEMR,SEMrush Holdings,Software,3.34B
SFET,Safe-T Group,Software,34.15M
SMAR,Smartsheet,Software,8.97B
SMSI,Smith Micro Software,Software,314.85M
SNCR,Synchronoss Technologies,Software,220.28M
SNPS,Synopsys,Software,50.30B
SPLK,Splunk,Software,26.82B
SPNS,Sapiens International,Software,1.98B
SPSC,SPS Commerce,Software,5.26B
SPT,Sprout Social,Software,6.95B
SSNC,SS&C Technologies,Software,20.04B
SSNT,SilverSun Technologies,Software,29.48M
SSTI,ShotSpotter,Software,473.32M
SUMO,Sumo Logic,Software,1.91B
SWI,SolarWinds,Software,2.50B
TDC,Teradata,Software,6.15B
TEAM,Atlassian,Software,113.77B
TENB,Tenable Holdings,Software,5.75B
TLS,Telos,Software,1.73B
TTD,The Trade Desk,Software,36.61B
TUFN,Tufin Software Technologies,Software,379.60M
TWOU,"2U, Inc",Software,2.32B
TYL,Tyler Technologies,Software,22.10B
U,Unity Software,Software,42.01B
UPLD,Upland Software,Software,1.01B
VERB,Verb Technology Company,Software,144.75M
VERI,Veritone,Software,1.12B
VHC,VirnetX Holding,Software,282.08M
VMW,VMware,Software,63.84B
VRNS,Varonis Systems,Software,7.08B
VRNT,Verint Systems,Software,3.07B
WAVE,Eco Wave Power Global,Software,39.62M
WDAY,Workday,Software,71.44B
WFCF,Where Food Comes From,Software,75.46M
WK,Workiva,Software,7.71B
WKEY,WISeKey International Holding,Software,123.46M
XNET,Xunlei,Software,200.81M
YEXT,"Yext, Inc.",Software,1.66B
ZD,Ziff Davis,Software,5.79B
ZEN,Zendesk,Software,12.11B
ZEST,Ecoark Holdings,Software,105.13M
ZIXI,Zix Corporation,Software,466.71M
ZM,Zoom Video Communications,Software,82.88B
ZS,Zscaler,Software,44.21B
ZUO,Zuora,Software,2.71B
ABST,Absolute Software,Software-Application,556.27M
ACVA,ACV Auctions,Software-Application,3.02B
AGIL,AgileThought,Software-Application,4.15M
ALIT,Alight,Software-Application,5.07B
ALKT,Alkami Technology,Software-Application,2.62B
AMPL,Amplitude,Software-Application,8.00B
AMST,Amesite,Software-Application,37.80M
APP,Applovin,Software-Application,37.05B
AUUD,Auddia,Software-Application,33.44M
BLND,Blend Labs,Software-Application,3.22B
BMBL,Bumble,Software-Application,9.50B
BMTX,BM Technologies,Software-Application,112.81M
BSY,Bentley Systems,Software-Application,16.48B
BTRS,BTRS Holdings,Software-Application,1.39B
COIN,Coinbase,Software-Application,86.69B
COMP,Compass,Software-Application,5.27B
CWAN,Clearwater Analytics,Software-Application,3.84B
CXM,Sprinklr,Software-Application,5.02B
CZOO,Cazoo Group,Software-Application,6.65B
DATS,DatChat,Software-Application,163.05M
DCBO,Docebo,Software-Application,2.53B
DIDI,DiDi Global,Software-Application,40.80B
DSP,Viant Technology,Software-Application,733.91M
DUOL,Duolingo,Software-Application,6.55B
DV,DoubleVerify,Software-Application,6.06B
ENFN,Enfusion,Software-Application,2.32B
ESMT,EngageSmart,Software-Application,5.34B
EZFL,EzFill Holdings,Software-Application,73.92M
GTLB,GitLab,Software-Application,16.55B
IDBA,IDEX Biometrics,Software-Application,0.00
IFBD,Infobird,Software-Application,59.34M
INST,Instructure,Software-Application,3.55B
INTA,Intapp,Software-Application,1.70B
IS,ironSource,Software-Application,11.64B
KARO,Karooooo,Software-Application,1.06B
KBNT,Kubient,Software-Application,42.90M
LAW,CS Disco,Software-Application,3.19B
LAZR,Luminar Technologies,Software-Application,6.25B
LTCH,Latch,Software-Application,1.33B
MAPS,WM Technology,Software-Application,1.61B
MKTW,MarketWise,Software-Application,2.37B
ML,MoneyLion,Software-Application,1.35B
MLNK,MeridianLink,Software-Application,2.00B
MNDY,monday.com,Software-Application,16.17B
MTTR,Matterport,Software-Application,5.98B
NRDY,Nerdy,Software-Application,771.78M
OBLG,Oblong,Software-Application,64.60M
OG,Onion Global,Software-Application,476.59M
OLB,OLB Group,Software-Application,39.94M
OLO,"Olo, Inc.",Software-Application,4.17B
OMQS,OMNIQ,Software-Application,72.28M
ONTF,ON24,Software-Application,887.77M
OPFI,OppFi,Software-Application,724.67M
OTMO,Otonomo Technologies,Software-Application,609.32M
PALT,Paltalk,Software-Application,51.02M
PCOR,Procore Technologies,Software-Application,11.91B
PHUN,Phunware,Software-Application,322.76M
PRCH,Porch Group,Software-Application,2.15B
PWSC,PowerSchool Holdings,Software-Application,4.74B
PYCR,Paycor,Software-Application,6.06B
QH,Quhuo,Software-Application,104.79M
RAAS,Cloopen Group Holding,Software-Application,673.92M
RCAT,Red Cat,Software-Application,156.75M
RSKD,Riskified,Software-Application,3.24B
SMRT,SmartRent,Software-Application,2.67B
SRAD,Sportradar,Software-Application,6.51B
VERX,Vertex,Software-Application,3.03B
VMEO,Vimeo,Software-Application,5.67B
VQS,VIQ Solutions,Software-Application,76.43M
VTEX,VTEX,Software-Application,2.83B
WKME,WalkMe,Software-Application,2.08B
XM,Qualtrics International,Software-Application,25.19B
YMM,Full Truck Alliance Co.,Software-Application,17.49B
YOU,Clear Secure,Software-Application,3.46B
ZETA,Zeta Global Holdings,Software-Application,1.65B
ALF,ALFI,Software-Infrastructure,72.46M
ARBE,Arbe Robotics,Software-Infrastructure,544.31M
AUID,Ipsidy,Software-Infrastructure,307.99M
AVPT,AvePoint,Software-Infrastructure,1.69B
BASE,Couchbase,Software-Infrastructure,1.80B
CCCS,CCC Intelligent Solutions,Software-Infrastructure,7.33B
CCSI,Consensus Cloud Solutions,Software-Infrastructure,1.24B
CFLT,Confluent,Software-Infrastructure,18.46B
CGNT,Cognyte Software,Software-Infrastructure,1.36B
CLBT,Cellebrite,Software-Infrastructure,2.10B
DLO,DLocal,Software-Infrastructure,14.78B
DOCN,DigitalOcean,Software-Infrastructure,10.17B
ETWO,E2open Parent Holdings,Software-Infrastructure,3.72B
EVCM,EverCommerce,Software-Infrastructure,3.91B
FORG,ForgeRock,Software-Infrastructure,2.34B
GBOX,GreenBox POS,Software-Infrastructure,360.61M
HOOD,Robinhood Markets,Software-Infrastructure,29.12B
IRNT,IronNet,Software-Infrastructure,1.01B
KLTR,Kaltura,Software-Infrastructure,1.28B
KNBE,KnowBe4,Software-Infrastructure,4.11B
KPLT,Katapult,Software-Infrastructure,442.47M
LVOX,LiveVox,Software-Infrastructure,577.23M
MQ,Marqeta,Software-Infrastructure,17.94B
NVEI,Nuvei,Software-Infrastructure,17.51B
PATH,UiPath,Software-Infrastructure,27.10B
PAYA,Paya Holdings,Software-Infrastructure,1.21B
PAYO,Payoneer Global,Software-Infrastructure,2.74B
RELY,Remitly Global,Software-Infrastructure,5.39B
RXT,Rackspace Technology,Software-Infrastructure,2.85B
S,SentinelOne,Software-Infrastructure,17.75B
SOS,SOS Limited,Software-Infrastructure,426.64M
SQSP,Squarespace,Software-Infrastructure,5.41B
STEM,Stem,Software-Infrastructure,3.18B
STER,Sterling Check,Software-Infrastructure,2.14B
TIXT,TELUS International,Software-Infrastructure,10.18B
TOST,Toast,Software-Infrastructure,28.73B
TUYA,Tuya,Software-Infrastructure,3.78B
VRAR,Glimpse Group,Software-Infrastructure,137.91M
ZENV,Zenvia,Software-Infrastructure,389.39M
ARRY,Array Technologies,Solar,2.89B
FTCI,FTC Solar,Solar,849.76M
ISUN,iSun,Solar,90.24M
SHLS,Shoals Technologies Group,Solar,5.44B
EJH,E-home Household Service Holdings Ltd,Specialty Business Services,98.39M
FA,First Advantage,Specialty Business Services,2.93B
GXO,GXO Logistics,Specialty Business Services,10.41B
PAE,PAE Incorporated,Specialty Business Services,924.65M
TDCX,TDCX,Specialty Business Services,4.05B
CNEY,CN Energy Group,Specialty Chemicals,190.19M
CRKN,Crown Electrokinetics,Specialty Chemicals,61.80M
DNMR,Danimer Scientific,Specialty Chemicals,1.74B
ECVT,Ecovyst,Specialty Chemicals,1.61B
BGRY,Berkshire Grey,Specialty Industrial Machinery,1.53B
CGRN,Capstone Green Energy,Specialty Industrial Machinery,94.56M
PYR,Pyrogenesis Canada,Specialty Industrial Machinery,635.82M
RRX,Regal Rexnord,Specialty Industrial Machinery,6.13B
SHPW,Shapeways,Specialty Industrial Machinery,345.80M
XMTR,Xometry,Specialty Industrial Machinery,2.44B
AAN,The Aaron's Company,Specialty Retail,796.84M
AAP,Advance Auto Parts,Specialty Retail,14.18B
ABG,Asbury Automotive Group,Specialty Retail,3.91B
AEO,American Eagle Outfitters,Specialty Retail,4.27B
AN,AutoNation,Specialty Retail,8.09B
ANF,Abercrombie & Fitch,Specialty Retail,2.45B
ASO,Academy Sports and Outdoors,Specialty Retail,3.78B
AZO,AutoZone,Specialty Retail,37.31B
BARK,The Original BARK Company,Specialty Retail,1.25B
BBBY,Bed Bath & Beyond,Specialty Retail,1.54B
BBW,Build-A-Bear Workshop,Specialty Retail,251.38M
BBWI,Bath & Body Works,Specialty Retail,18.94B
BBY,Best Buy,Specialty Retail,30.48B
BGFV,Big 5 Sporting Goods,Specialty Retail,573.74M
BGI,Birks Group,Specialty Retail,143.15M
BKE,The Buckle,Specialty Retail,2.16B
BLNK,Blink Charging,Specialty Retail,1.41B
BNED,Barnes & Noble Education,Specialty Retail,561.79M
BOOT,Boot Barn Holdings,Specialty Retail,3.19B
BQ,Boqii Holding,Specialty Retail,181.15M
BURL,Burlington Stores,Specialty Retail,19.17B
CAL,Caleres,Specialty Retail,938.33M
CATO,Cato Corporation,Specialty Retail,404.15M
CHPT,ChargePoint,Specialty Retail,8.28B
CHS,Chico's FAS,Specialty Retail,682.14M
CONN,Conn's,Specialty Retail,700.22M
CRMT,America's Car-Mart,Specialty Retail,783.98M
CSPR,Casper Sleep,Specialty Retail,162.06M
CTRN,Citi Trends,Specialty Retail,724.41M
CVNA,Carvana,Specialty Retail,53.62B
CWH,Camping World Holdings,Specialty Retail,1.74B
DBI,Designer Brands,Specialty Retail,1.02B
DKS,Dick's Sporting Goods,Specialty Retail,10.70B
DTEA,DAVIDsTEA,Specialty Retail,92.26M
DXLG,Destination XL Group,Specialty Retail,474.71M
ELA,Envela,Specialty Retail,119.81M
EVGO,EVgo,Specialty Retail,2.75B
EXPR,Express,Specialty Retail,269.92M
EYE,National Vision Holdings,Specialty Retail,5.11B
FIVE,Five Below,Specialty Retail,11.14B
FL,Foot Locker,Specialty Retail,5.04B
FND,Floor & Decor Holdings,Specialty Retail,14.71B
GCO,Genesco,Specialty Retail,977.41M
GES,Guess,Specialty Retail,1.42B
GME,GameStop,Specialty Retail,15.31B
GPI,Group 1 Automotive,Specialty Retail,3.41B
GPS,"Gap, Inc",Specialty Retail,8.89B
GRWG,GrowGeneration,Specialty Retail,1.32B
HD,Home Depot,Specialty Retail,386.77B
HIBB,Hibbett Sports,Specialty Retail,1.19B
HNST,The Honest Company,Specialty Retail,834.12M
HVT,Haverty Furniture,Specialty Retail,557.40M
HZO,MarineMax,Specialty Retail,1.17B
ID,PARTS iD,Specialty Retail,142.65M
JILL,"J.Jill, Inc.",Specialty Retail,168.44M
JOAN,JOANN,Specialty Retail,446.05M
KIRK,Kirkland's,Specialty Retail,322.36M
KMX,CarMax,Specialty Retail,22.53B
KSPN,Kaspien Holdings,Specialty Retail,38.41M
KXIN,Kaixin Auto,Specialty Retail,319.92M
LAD,Lithia Motors,Specialty Retail,10.05B
LAZY,Lazydays Holdings,Specialty Retail,243.36M
LL,Lumber Liquidators,Specialty Retail,544.99M
LMPX,LMP Automotive Holdings,Specialty Retail,142.46M
LOW,Lowe's,Specialty Retail,160.47B
MNRO,"Monro, Inc.",Specialty Retail,2.10B
MNSO,Miniso Group,Specialty Retail,4.78B
MUSA,Murphy USA,Specialty Retail,4.23B
NVVE,Nuvve,Specialty Retail,229.81M
ODP,Office Depot,Specialty Retail,2.32B
OLPX,Olaplex Holdings,Specialty Retail,18.58B
ONEW,OneWater Marine,Specialty Retail,620.23M
ORLY,O'Reilly Automotive,Specialty Retail,42.13B
PAG,Penske Automotive Group,Specialty Retail,8.47B
PLCE,Children's Place,Specialty Retail,1.26B
PRTY,Party City,Specialty Retail,899.78M
RCII,Rent-A-Center,Specialty Retail,3.62B
RENN,Renren,Specialty Retail,620.18M
RH,Restoration Hardware,Specialty Retail,14.33B
ROST,Ross Stores,Specialty Retail,40.52B
SAH,Sonic Automotive,Specialty Retail,2.10B
SBH,Sally Beauty Holdings,Specialty Retail,1.82B
SCVL,Shoe Carnival,Specialty Retail,985.80M
SIG,Signet Jewelers,Specialty Retail,5.11B
SNBR,Sleep Number,Specialty Retail,2.05B
SPWH,Sportsman's Warehouse,Specialty Retail,755.48M
TA,TravelCenters of America,Specialty Retail,823.07M
TCS,Container Store Group,Specialty Retail,581.57M
TJX,TJX Companies,Specialty Retail,80.15B
TLYS,Tilly's,Specialty Retail,448.88M
TSCO,Tractor Supply,Specialty Retail,24.45B
TTSH,Tile Shop Holdings,Specialty Retail,424.06M
ULTA,Ulta Beauty,Specialty Retail,19.85B
URBN,Urban Outfitters,Specialty Retail,3.21B
VLTA,Volta,Specialty Retail,1.56B
VRM,Vroom,Specialty Retail,2.79B
WINA,Winmark Corporation,Specialty Retail,842.22M
WOOF,Petco,Specialty Retail,7.41B
WSM,Williams-Sonoma,Specialty Retail,13.96B
XELB,XCel Brands,Specialty Retail,27.58M
ZUMZ,Zumiez,Specialty Retail,1.07B
BZ,Kanzhun,Staffing & Employment Services,14.96B
IPDN,Professional Diversity Network,Staffing & Employment Services,20.80M
RCRT,Recruiter.com,Staffing & Employment Services,43.17M
ZIP,ZipRecruiter,Staffing & Employment Services,3.21B
HUDI,Huadi International Group,Steel,245.83M
AAPL,Apple,"Technology Hardware, Storage & Periph...","2,462.34B"
ALOT,AstroNova,"Technology Hardware, Storage & Periph...",120.13M
AVID,Avid Technology,"Technology Hardware, Storage & Periph...",1.34B
BOXL,Boxlight,"Technology Hardware, Storage & Periph...",140.07M
BRQS,Borqs Technologies,"Technology Hardware, Storage & Periph...",92.23M
CAJ,Canon,"Technology Hardware, Storage & Periph...",23.62B
CAN,Canaan,"Technology Hardware, Storage & Periph...",1.54B
CRSR,Corsair Gaming,"Technology Hardware, Storage & Periph...",2.33B
DBD,Diebold Nixdorf,"Technology Hardware, Storage & Periph...",727.14M
DDD,3D Systems,"Technology Hardware, Storage & Periph...",3.96B
DELL,Dell Technologies,"Technology Hardware, Storage & Periph...",85.32B
HPE,Hewlett-Packard Enterprise,"Technology Hardware, Storage & Periph...",19.57B
HPQ,HP Inc,"Technology Hardware, Storage & Periph...",36.02B
IMMR,Immersion,"Technology Hardware, Storage & Periph...",301.72M
IVAC,Intevac,"Technology Hardware, Storage & Periph...",120.96M
KODK,Eastman Kodak,"Technology Hardware, Storage & Periph...",553.16M
LOGI,Logitech International,"Technology Hardware, Storage & Periph...",13.98B
NCR,NCR Corporation,"Technology Hardware, Storage & Periph...",5.51B
NNDM,Nano Dimension,"Technology Hardware, Storage & Periph...",1.61B
NTAP,NetApp,"Technology Hardware, Storage & Periph...",20.15B
OSS,One Stop Systems,"Technology Hardware, Storage & Periph...",96.13M
PMTS,CPI Card Group,"Technology Hardware, Storage & Periph...",328.29M
PSTG,Pure Storage,"Technology Hardware, Storage & Periph...",7.74B
QMCO,Quantum Corporation,"Technology Hardware, Storage & Periph...",337.63M
SCKT,Socket Mobile,"Technology Hardware, Storage & Periph...",45.34M
SMCI,Super Micro Computer,"Technology Hardware, Storage & Periph...",1.85B
SONM,Sonim Technologies,"Technology Hardware, Storage & Periph...",19.17M
SSYS,Stratasys,"Technology Hardware, Storage & Periph...",2.23B
STX,Seagate Technology,"Technology Hardware, Storage & Periph...",20.46B
TACT,TransAct Technologies,"Technology Hardware, Storage & Periph...",134.72M
WDC,Western Digital,"Technology Hardware, Storage & Periph...",16.88B
XRX,Xerox,"Technology Hardware, Storage & Periph...",3.32B
ASTS,AST SpaceMobile,Telecom Services,606.79M
COMS,ComSovereign Holding,Telecom Services,111.33M
FYBR,Frontier Communications,Telecom Services,7.60B
IHS,IHS Holding,Telecom Services,5.47B
MIMO,Airspan Networks,Telecom Services,5.23B
RADI,Radius Global Infrastructure,Telecom Services,1.30B
TIMB,TIM S.A.,Telecom Services,4.92B
UCL,uCloudlink Group,Telecom Services,89.98M
VATE,INNOVATE,Telecom Services,322.95M
VIV,Telefonica Brasil,Telecom Services,13.82B
COLM,Columbia Sportswear,"Textiles, Apparel & Luxury Goods",6.82B
CPRI,Capri Holdings,"Textiles, Apparel & Luxury Goods",8.45B
CRI,Carter's,"Textiles, Apparel & Luxury Goods",4.49B
CROX,Crocs,"Textiles, Apparel & Luxury Goods",9.87B
CRWS,Crown Crafts,"Textiles, Apparel & Luxury Goods",75.95M
CTHR,Charles & Colvard,"Textiles, Apparel & Luxury Goods",94.66M
CULP,"Culp, Inc.","Textiles, Apparel & Luxury Goods",171.58M
DECK,Deckers Outdoor,"Textiles, Apparel & Luxury Goods",11.38B
DLA,Delta Apparel,"Textiles, Apparel & Luxury Goods",186.29M
DOGZ,Dogness International,"Textiles, Apparel & Luxury Goods",129.44M
EVK,Ever-Glory International Group,"Textiles, Apparel & Luxury Goods",42.36M
FORD,Forward Industries,"Textiles, Apparel & Luxury Goods",22.37M
FOSL,Fossil Group,"Textiles, Apparel & Luxury Goods",655.45M
GIII,G-III Apparel Group,"Textiles, Apparel & Luxury Goods",1.44B
GIL,Gildan Activewear,"Textiles, Apparel & Luxury Goods",7.47B
GOOS,Canada Goose,"Textiles, Apparel & Luxury Goods",4.12B
HBI,Hanesbrands,"Textiles, Apparel & Luxury Goods",6.14B
JRSH,Jerash Holdings,"Textiles, Apparel & Luxury Goods",83.50M
KTB,Kontoor Brands,"Textiles, Apparel & Luxury Goods",3.15B
LAKE,Lakeland Industries,"Textiles, Apparel & Luxury Goods",162.90M
LEVI,Levi Strauss & Co.,"Textiles, Apparel & Luxury Goods",10.77B
LLL,JX Luxventure,"Textiles, Apparel & Luxury Goods",0.00
LULU,Lululemon Athletica,"Textiles, Apparel & Luxury Goods",61.96B
MOV,Movado Group,"Textiles, Apparel & Luxury Goods",798.21M
NAKD,Naked Brand Group,"Textiles, Apparel & Luxury Goods",584.37M
NKE,Nike,"Textiles, Apparel & Luxury Goods",263.27B
OXM,Oxford Industries,"Textiles, Apparel & Luxury Goods",1.63B
PLBY,PLBY Group,"Textiles, Apparel & Luxury Goods",1.24B
PVH,PVH Corp,"Textiles, Apparel & Luxury Goods",8.06B
RCKY,Rocky Brands,"Textiles, Apparel & Luxury Goods",406.50M
RL,Ralph Lauren,"Textiles, Apparel & Luxury Goods",9.54B
SGC,Superior Group of Companies,"Textiles, Apparel & Luxury Goods",430.47M
SHOO,Steven Madden,"Textiles, Apparel & Luxury Goods",3.78B
SKX,Skechers USA,"Textiles, Apparel & Luxury Goods",7.45B
TBLT,Toughbuilt Industries,"Textiles, Apparel & Luxury Goods",68.85M
TPR,Tapestry,"Textiles, Apparel & Luxury Goods",10.96B
UA,Under Armour,"Textiles, Apparel & Luxury Goods",9.60B
UAA,Under Armour,"Textiles, Apparel & Luxury Goods",9.54B
UFI,"Unifi, Inc.","Textiles, Apparel & Luxury Goods",455.72M
VFC,VF Corporation,"Textiles, Apparel & Luxury Goods",28.71B
VNCE,Vince Holding,"Textiles, Apparel & Luxury Goods",115.69M
VRA,Vera Bradley,"Textiles, Apparel & Luxury Goods",345.32M
WWW,Wolverine World Wide,"Textiles, Apparel & Luxury Goods",2.80B
AGM,Federal Agricultural Mortgage,Thrifts & Mortgage Finance,1.37B
ATAX,America First Multifamily Investors,Thrifts & Mortgage Finance,429.21M
AX,Axos Financial,Thrifts & Mortgage Finance,3.21B
BCOW,1895 Bancorp of Wisconsin,Thrifts & Mortgage Finance,71.35M
BSBK,Bogota Financial,Thrifts & Mortgage Finance,147.14M
BWB,Bridgewater Bancshares,Thrifts & Mortgage Finance,520.59M
BYFC,Broadway Financial,Thrifts & Mortgage Finance,211.00M
CARV,Carver Bancorp,Thrifts & Mortgage Finance,52.63M
CASH,Meta Financial Group,Thrifts & Mortgage Finance,1.83B
CFBK,CF Bankshares,Thrifts & Mortgage Finance,136.44M
CFFN,Capitol Federal Financial,Thrifts & Mortgage Finance,1.72B
CLBK,Columbia Financial,Thrifts & Mortgage Finance,2.01B
CNF,CNFinance Holdings,Thrifts & Mortgage Finance,349.08M
COOP,Mr. Cooper Group,Thrifts & Mortgage Finance,3.26B
DCOM,Dime Community Bancshares,Thrifts & Mortgage Finance,1.52B
EBSB,Meridian Bancorp,Thrifts & Mortgage Finance,1.27B
ESBK,Elmira Savings Bank,Thrifts & Mortgage Finance,80.01M
ESNT,Essent Group,Thrifts & Mortgage Finance,5.52B
ESSA,ESSA Bancorp,Thrifts & Mortgage Finance,169.77M
FBC,Flagstar Bancorp,Thrifts & Mortgage Finance,2.54B
FFBW,"FFBW, Inc.",Thrifts & Mortgage Finance,86.73M
FSBW,FS Bancorp,Thrifts & Mortgage Finance,287.90M
FSEA,First Seacoast Bancorp,Thrifts & Mortgage Finance,57.55M
GCBC,Greene County Bancorp,Thrifts & Mortgage Finance,294.10M
GFED,Guaranty Federal Bancshares,Thrifts & Mortgage Finance,105.24M
HBCP,Home Bancorp,Thrifts & Mortgage Finance,354.58M
HFBL,Home Federal Bancorp,Thrifts & Mortgage Finance,63.17M
HIFS,Hingham Institution for Savings,Thrifts & Mortgage Finance,770.36M
HMNF,HMN Financial,Thrifts & Mortgage Finance,107.38M
HMST,HomeStreet,Thrifts & Mortgage Finance,967.12M
HVBC,HV Bancorp,Thrifts & Mortgage Finance,50.05M
IMH,Impac Mortgage Holdings,Thrifts & Mortgage Finance,34.13M
IOR,Income Opportunity Realty Investors,Thrifts & Mortgage Finance,53.81M
IROQ,IF Bancorp,Thrifts & Mortgage Finance,73.65M
KFFB,Kentucky First Federal Bancorp,Thrifts & Mortgage Finance,58.46M
KRNY,Kearny Financial,Thrifts & Mortgage Finance,1.03B
LBC,Luther Burbank,Thrifts & Mortgage Finance,753.53M
LSBK,Lake Shore Bancorp,Thrifts & Mortgage Finance,86.12M
MBIN,Merchants Bancorp,Thrifts & Mortgage Finance,1.31B
MGYR,Magyar Bancorp,Thrifts & Mortgage Finance,80.92M
MSVB,Mid-Southern Bancorp,Thrifts & Mortgage Finance,45.76M
MTG,MGIC Investment,Thrifts & Mortgage Finance,5.61B
NECB,Northeast Community Bancorp,Thrifts & Mortgage Finance,181.96M
NFBK,Northfield Bancorp,Thrifts & Mortgage Finance,910.94M
NMIH,NMI Holdings,Thrifts & Mortgage Finance,2.16B
NWBI,Northwest Bancshares,Thrifts & Mortgage Finance,1.80B
NYCB,New York Community Bancorp,Thrifts & Mortgage Finance,5.85B
OCFC,OceanFirst Financial,Thrifts & Mortgage Finance,1.38B
OCN,Ocwen Financial,Thrifts & Mortgage Finance,294.23M
OFED,Oconee Federal Financial,Thrifts & Mortgage Finance,134.17M
OPBK,OP Bancorp,Thrifts & Mortgage Finance,176.00M
PBFS,Pioneer Bancorp,Thrifts & Mortgage Finance,329.92M
PBIP,Prudential Bancorp,Thrifts & Mortgage Finance,117.69M
PCSB,PCSB Financial,Thrifts & Mortgage Finance,295.38M
PDLB,PDL Community Bancorp,Thrifts & Mortgage Finance,267.76M
PFC,Premier Financial,Thrifts & Mortgage Finance,1.15B
PFS,Provident Financial Services,Thrifts & Mortgage Finance,1.98B
PFSI,PennyMac Financial Services,Thrifts & Mortgage Finance,3.99B
PROV,Provident Financial Holdings,Thrifts & Mortgage Finance,125.94M
PVBC,Provident Bancorp,Thrifts & Mortgage Finance,323.19M
RBKB,Rhinebeck Bancorp,Thrifts & Mortgage Finance,121.13M
RDN,Radian Group,Thrifts & Mortgage Finance,4.53B
RKT,Rocket Companies,Thrifts & Mortgage Finance,34.92B
RNDB,Randolph Bancorp,Thrifts & Mortgage Finance,123.51M
RVSB,Riverview Bancorp,Thrifts & Mortgage Finance,165.80M
SACH,Sachem Capital,Thrifts & Mortgage Finance,161.97M
SBT,Sterling Bancorp,Thrifts & Mortgage Finance,273.58M
SMBC,Southern Missouri Bancorp,Thrifts & Mortgage Finance,488.41M
SNFCA,Security National Financial,Thrifts & Mortgage Finance,184.13M
SVBI,Severn Bancorp,Thrifts & Mortgage Finance,175.34M
TBNK,Territorial Bancorp,Thrifts & Mortgage Finance,240.93M
TFSL,TFS Financial,Thrifts & Mortgage Finance,5.54B
TREE,LendingTree,Thrifts & Mortgage Finance,2.05B
TRST,TrustCo Bank Corp NY,Thrifts & Mortgage Finance,663.34M
TSBK,Timberland Bancorp,Thrifts & Mortgage Finance,233.74M
VEL,Velocity Financial,Thrifts & Mortgage Finance,404.63M
WAFD,Washington Federal,Thrifts & Mortgage Finance,2.35B
WD,Walker & Dunlop,Thrifts & Mortgage Finance,4.17B
WMPN,William Penn Bancorporation,Thrifts & Mortgage Finance,185.69M
WNEB,Western New England Bancorp,Thrifts & Mortgage Finance,219.35M
WSBF,Waterstone Financial,Thrifts & Mortgage Finance,518.29M
WSFS,WSFS Financial,Thrifts & Mortgage Finance,2.55B
WVFC,WVS Financial,Thrifts & Mortgage Finance,29.35M
BTI,British American Tobacco,Tobacco,80.63B
KAVL,Kaival Brands Innovations Group,Tobacco,52.69M
MO,Altria,Tobacco,80.92B
PM,Philip Morris,Tobacco,145.44B
RLX,RLX Technology,Tobacco,7.81B
TPB,Turning Point Brands,Tobacco,744.36M
UVV,Universal Corporation,Tobacco,1.18B
VGR,Vector Group,Tobacco,2.12B
XXII,22nd Century Group,Tobacco,481.70M
HLMN,Hillman Solutions,Tools & Accessories,2.15B
ACY,AeroCentury,Trading Companies & Distributors,215.13M
AER,AerCap Holdings,Trading Companies & Distributors,8.48B
AIT,Applied Industrial Technologies,Trading Companies & Distributors,3.73B
AL,Air Lease Corporation,Trading Companies & Distributors,4.86B
ALTG,Alta Equipment Group,Trading Companies & Distributors,466.68M
BECN,Beacon Roofing Supply,Trading Companies & Distributors,3.78B
BXC,BlueLinx Holdings,Trading Companies & Distributors,483.75M
CAI,CAI International,Trading Companies & Distributors,971.50M
CLWT,Euro Tech Holdings,Trading Companies & Distributors,17.47M
CTOS,Custom Truck One Source,Trading Companies & Distributors,2.39B
DNOW,NOW Inc.,Trading Companies & Distributors,842.46M
DXPE,DXP Enterprises,Trading Companies & Distributors,654.96M
EVI,EVI Industries,Trading Companies & Distributors,388.61M
FAST,Fastenal,Trading Companies & Distributors,32.66B
FTAI,Fortress Transportation & Infrastructure Investors,Trading Companies & Distributors,2.59B
GATX,GATX Corporation,Trading Companies & Distributors,3.43B
GIC,Global Industrial,Trading Companies & Distributors,1.61B
GMS,GMS Inc.,Trading Companies & Distributors,2.24B
GWW,W.W. Grainger,Trading Companies & Distributors,24.37B
HBP,Huttig Building Products,Trading Companies & Distributors,192.07M
HEES,H&E Equipment Services,Trading Companies & Distributors,1.67B
HRI,Herc Holdings,Trading Companies & Distributors,5.46B
IGC,India Globalization Capital,Trading Companies & Distributors,70.94M
KAMN,Kaman Corporation,Trading Companies & Distributors,1.02B
LAWS,Lawson Products,Trading Companies & Distributors,464.81M
MRC,MRC Global,Trading Companies & Distributors,705.14M
MSM,MSC Industrial Direct,Trading Companies & Distributors,4.71B
RUSHA,Rush Enterprises,Trading Companies & Distributors,2.93B
SITE,SiteOne Landscape Supply,Trading Companies & Distributors,10.69B
TGH,Textainer Group Holdings,Trading Companies & Distributors,1.95B
TITN,Titan Machinery,Trading Companies & Distributors,658.66M
TRNS,Transcat,Trading Companies & Distributors,570.38M
TRTN,Triton International,Trading Companies & Distributors,4.21B
UNVR,Univar Solutions,Trading Companies & Distributors,4.47B
URI,United Rentals,Trading Companies & Distributors,27.75B
VRTV,Veritiv Corporation,Trading Companies & Distributors,1.67B
WCC,WESCO International,Trading Companies & Distributors,6.68B
WLFC,Willis Lease Finance,Trading Companies & Distributors,268.94M
WSO,Watsco,Trading Companies & Distributors,11.45B
ASR,Grupo Aeroportuario del Sureste,Transportation Infrastructure,6.06B
CAAP,Corporacion America Airports,Transportation Infrastructure,905.85M
MIC,Macquarie Infrastructure,Transportation Infrastructure,324.44M
OMAB,Grupo Aeroportuario del Centro Norte,Transportation Infrastructure,2.35B
PAC,Grupo Aeroportuario del Pacifico,Transportation Infrastructure,6.62B
SINO,Sino-Global Shipping America,Transportation Infrastructure,55.24M
TSP,TuSimple Holdings,Trucking,8.34B
YGMZ,MingZhu Logistics,Trucking,44.17M
UROY,Uranium Royalty,Uranium,425.96M
MNTK,Montauk Renewables,Utilities-Diversified,1.62B
OEG,Orbital Energy Group,Utilities-Diversified,182.09M
VIA,Via Renewables,Utilities-Regulated Electric,175.66M
ZWS,Zurn Water Solutions,Utilities-Regulated Water,4.38B
ADN,Advent Technologies,Utilities-Renewable,500.75M
FLNC,Fluence Energy,Utilities-Renewable,6.16B
HTOO,Fusion Fuel Green,Utilities-Renewable,181.11M
RNW,ReNew Energy Global,Utilities-Renewable,3.97B
GFL,GFL Environmental,Waste Management,13.71B
LICY,Li-Cycle,Waste Management,2.17B
ARTNA,Artesian Resources,Water Utilities,380.97M
AWK,American Water Works,Water Utilities,31.52B
AWR,American States Water,Water Utilities,3.31B
CDZI,"Cadiz, Inc.",Water Utilities,258.90M
CWCO,Consolidated Water,Water Utilities,172.41M
CWT,California Water Service Group,Water Utilities,3.23B
GWRS,Global Water Resources,Water Utilities,429.79M
MSEX,Middlesex Water,Water Utilities,1.77B
PCYO,Pure Cycle,Water Utilities,373.48M
SBS,Companhia de Saneamento Basico,Water Utilities,4.32B
SJW,SJW Group,Water Utilities,2.06B
WTRG,Essential Utilities,Water Utilities,11.56B
YORW,York Water Company,Water Utilities,623.90M
AMOV,America Movil,Wireless Telecommunication Services,57.88B
AMX,America Movil,Wireless Telecommunication Services,57.83B
CHL,China Mobile,Wireless Telecommunication Services,0.00
GOGO,Gogo Inc.,Wireless Telecommunication Services,1.80B
MBT,Mobile TeleSystems PJSC,Wireless Telecommunication Services,7.92B
PHI,PLDT Inc.,Wireless Telecommunication Services,7.12B
PTNR,Partner Communications,Wireless Telecommunication Services,963.80M
RCI,Rogers Communications,Wireless Telecommunication Services,24.20B
RPID,Rapid Micro Biosystems,Wireless Telecommunication Services,876.28M
SHEN,Shenandoah Telecommunications,Wireless Telecommunication Services,1.44B
SKM,SK Telecom,Wireless Telecommunication Services,95.22B
SPOK,Spok Holdings,Wireless Telecommunication Services,211.22M
TDS,Telephone & Data Systems,Wireless Telecommunication Services,2.27B
TIGO,Millicom International Cellular,Wireless Telecommunication Services,3.56B
TKC,Turkcell,Wireless Telecommunication Services,3.60B
TMUS,T-Mobile US,Wireless Telecommunication Services,144.59B
USM,United States Cellular,Wireless Telecommunication Services,2.76B
VEON,VEON Ltd.,Wireless Telecommunication Services,3.71B
VOD,Vodafone Group,Wireless Telecommunication Services,41.68B
ECC,Eagle Point Credit,n/a,484.92M
EIC,Eagle Point Income,n/a,0.00
GET,Getnet Adquirencia E Servicos Para Meios De Pagamento,n/a,2.89B
MITQ,Moving iMage Technologies,n/a,25.30M
TBLD,Thornburg Income Builder Opportunities Trust,n/a,0.00